[33m❯[39m Building...
[32m✔[39m Building...
[1mInitial chunk files[22m[2m | [22m[1mNames[22m                        [2m | [22m [1mRaw size[22m
[32mstyles.css[39m         [2m | [22m[2mstyles[22m                       [2m | [22m[36m211.30 kB[39m[2m | [22m
[32mchunk-QDD42SMS.js[39m  [2m | [22m[2m-[22m                            [2m | [22m  [36m9.78 kB[39m[2m | [22m
[32mmain.js[39m            [2m | [22m[2mmain[22m                         [2m | [22m  [36m9.32 kB[39m[2m | [22m
[32mchunk-X76KQBPE.js[39m  [2m | [22m[2m-[22m                            [2m | [22m  [36m8.84 kB[39m[2m | [22m
[32mchunk-5MRYYSXK.js[39m  [2m | [22m[2m-[22m                            [2m | [22m  [36m8.46 kB[39m[2m | [22m
[32mchunk-43QSG5IA.js[39m  [2m | [22m[2m-[22m                            [2m | [22m  [36m7.94 kB[39m[2m | [22m
[32mchunk-LUFQSMDN.js[39m  [2m | [22m[2m-[22m                            [2m | [22m  [36m1.49 kB[39m[2m | [22m
[32mchunk-VUJOFXKG.js[39m  [2m | [22m[2m-[22m                            [2m | [22m[36m938 bytes[39m[2m | [22m
[32mchunk-CAJJGEMV.js[39m  [2m | [22m[2m-[22m                            [2m | [22m[36m548 bytes[39m[2m | [22m
[32mchunk-QMV5Q7AQ.js[39m  [2m | [22m[2m-[22m                            [2m | [22m[36m252 bytes[39m[2m | [22m

[1m [22m                  [2m | [22m[1mInitial total[22m                [2m | [22m[1m258.87 kB[22m

[1mLazy chunk files[22m   [2m | [22m[1mNames[22m                        [2m | [22m [1mRaw size[22m
[32mchunk-3Y2I2OIS.js[39m  [2m | [22m[2m-[22m                            [2m | [22m [36m55.24 kB[39m[2m | [22m
[32mchunk-DMA2IQRN.js[39m  [2m | [22m[2mcheckout-component[22m           [2m | [22m [36m53.32 kB[39m[2m | [22m
[32mchunk-LU4JCKFF.js[39m  [2m | [22m[2mproduct-list-component[22m       [2m | [22m [36m39.70 kB[39m[2m | [22m
[32mchunk-D2AHX5MY.js[39m  [2m | [22m[2mdashboard-component[22m          [2m | [22m [36m36.59 kB[39m[2m | [22m
[32mchunk-Q7ITCZ2W.js[39m  [2m | [22m[2madmin-layout-component[22m       [2m | [22m [36m34.85 kB[39m[2m | [22m
[32mchunk-RFXPV6S3.js[39m  [2m | [22m[2mhome-addresses-list-component[22m[2m | [22m [36m34.75 kB[39m[2m | [22m
[32mchunk-SJJ3DKHO.js[39m  [2m | [22m[2mproducts-list-component[22m      [2m | [22m [36m33.82 kB[39m[2m | [22m
[32mchunk-JLNYMFX3.js[39m  [2m | [22m[2mprofile-component[22m            [2m | [22m [36m29.56 kB[39m[2m | [22m
[32mchunk-6NQXGBXG.js[39m  [2m | [22m[2mcustomer-layout-component[22m    [2m | [22m [36m28.34 kB[39m[2m | [22m
[32mchunk-E2CR6ZWV.js[39m  [2m | [22m[2mhome-component[22m               [2m | [22m [36m26.55 kB[39m[2m | [22m
[32mchunk-K5JFV3CY.js[39m  [2m | [22m[2mcomplaints-list-component[22m    [2m | [22m [36m25.62 kB[39m[2m | [22m
[32mchunk-KBT6FN5V.js[39m  [2m | [22m[2mcategories-list-component[22m    [2m | [22m [36m21.81 kB[39m[2m | [22m
[32mchunk-3AY4W6ZE.js[39m  [2m | [22m[2mcart-component[22m               [2m | [22m [36m21.62 kB[39m[2m | [22m
[32mchunk-TOLX7JMN.js[39m  [2m | [22m[2m-[22m                            [2m | [22m [36m20.03 kB[39m[2m | [22m
[32mchunk-HZDPVOVY.js[39m  [2m | [22m[2m-[22m                            [2m | [22m [36m19.18 kB[39m[2m | [22m
[2m...and 32 more lazy chunks files. Use "--verbose" to show all the files.[22m

Application bundle generation complete. [7.187 seconds] - 2026-06-16T02:28:58.756Z

Watch mode enabled. Watching for file changes...
NOTE: Raw file sizes do not reflect development server per-request transformations.
  [32m➜[39m  [1mLocal[22m:   [36mhttp://localhost:[1m4200[22m/[39m
[33m❯[39m Changes detected. Rebuilding...
[32m✔[39m Changes detected. Rebuilding...
[1mInitial chunk files[22m[2m | [22m[1mNames[22m                        [2m | [22m [1mRaw size[22m
[32mstyles.css[39m         [2m | [22m[2mstyles[22m                       [2m | [22m[36m211.30 kB[39m[2m | [22m
[32mchunk-QDD42SMS.js[39m  [2m | [22m[2m-[22m                            [2m | [22m  [36m9.78 kB[39m[2m | [22m
[32mmain.js[39m            [2m | [22m[2mmain[22m                         [2m | [22m  [36m9.32 kB[39m[2m | [22m
[32mchunk-X76KQBPE.js[39m  [2m | [22m[2m-[22m                            [2m | [22m  [36m8.84 kB[39m[2m | [22m
[32mchunk-5MRYYSXK.js[39m  [2m | [22m[2m-[22m                            [2m | [22m  [36m8.46 kB[39m[2m | [22m
[32mchunk-43QSG5IA.js[39m  [2m | [22m[2m-[22m                            [2m | [22m  [36m7.94 kB[39m[2m | [22m
[32mchunk-LUFQSMDN.js[39m  [2m | [22m[2m-[22m                            [2m | [22m  [36m1.49 kB[39m[2m | [22m
[32mchunk-VUJOFXKG.js[39m  [2m | [22m[2m-[22m                            [2m | [22m[36m938 bytes[39m[2m | [22m
[32mchunk-CAJJGEMV.js[39m  [2m | [22m[2m-[22m                            [2m | [22m[36m548 bytes[39m[2m | [22m
[32mchunk-QMV5Q7AQ.js[39m  [2m | [22m[2m-[22m                            [2m | [22m[36m252 bytes[39m[2m | [22m

[1m [22m                  [2m | [22m[1mInitial total[22m                [2m | [22m[1m258.87 kB[22m

[1mLazy chunk files[22m   [2m | [22m[1mNames[22m                        [2m | [22m [1mRaw size[22m
[32mchunk-3Y2I2OIS.js[39m  [2m | [22m[2m-[22m                            [2m | [22m [36m55.24 kB[39m[2m | [22m
[32mchunk-DMA2IQRN.js[39m  [2m | [22m[2mcheckout-component[22m           [2m | [22m [36m53.32 kB[39m[2m | [22m
[32mchunk-LU4JCKFF.js[39m  [2m | [22m[2mproduct-list-component[22m       [2m | [22m [36m39.70 kB[39m[2m | [22m
[32mchunk-D2AHX5MY.js[39m  [2m | [22m[2mdashboard-component[22m          [2m | [22m [36m36.59 kB[39m[2m | [22m
[32mchunk-Q7ITCZ2W.js[39m  [2m | [22m[2madmin-layout-component[22m       [2m | [22m [36m34.85 kB[39m[2m | [22m
[32mchunk-RFXPV6S3.js[39m  [2m | [22m[2mhome-addresses-list-component[22m[2m | [22m [36m34.75 kB[39m[2m | [22m
[32mchunk-SJJ3DKHO.js[39m  [2m | [22m[2mproducts-list-component[22m      [2m | [22m [36m33.82 kB[39m[2m | [22m
[32mchunk-JLNYMFX3.js[39m  [2m | [22m[2mprofile-component[22m            [2m | [22m [36m29.56 kB[39m[2m | [22m
[32mchunk-6NQXGBXG.js[39m  [2m | [22m[2mcustomer-layout-component[22m    [2m | [22m [36m28.34 kB[39m[2m | [22m
[32mchunk-E2CR6ZWV.js[39m  [2m | [22m[2mhome-component[22m               [2m | [22m [36m26.55 kB[39m[2m | [22m
[32mchunk-K5JFV3CY.js[39m  [2m | [22m[2mcomplaints-list-component[22m    [2m | [22m [36m25.62 kB[39m[2m | [22m
[32mchunk-KBT6FN5V.js[39m  [2m | [22m[2mcategories-list-component[22m    [2m | [22m [36m21.81 kB[39m[2m | [22m
[32mchunk-3AY4W6ZE.js[39m  [2m | [22m[2mcart-component[22m               [2m | [22m [36m21.62 kB[39m[2m | [22m
[32mchunk-TOLX7JMN.js[39m  [2m | [22m[2m-[22m                            [2m | [22m [36m20.03 kB[39m[2m | [22m
[32mchunk-HZDPVOVY.js[39m  [2m | [22m[2m-[22m                            [2m | [22m [36m19.18 kB[39m[2m | [22m
[2m...and 32 more lazy chunks files. Use "--verbose" to show all the files.[22m

Application bundle generation complete. [1.360 seconds] - 2026-06-16T02:38:52.529Z

[33m❯[39m Changes detected. Rebuilding...
[32m✔[39m Changes detected. Rebuilding...
Application bundle generation failed. [7.672 seconds] - 2026-06-16T02:39:05.364Z

[1m[33m[33m▲ [43;33m[[43;30mWARNING[43;33m][0m [1mNG8113: SkeletonComponent is not used within the template of ProfileComponent[0m [1m[35m[plugin angular-compiler][0m

    src/app/features/profile/profile.component.ts:19:132:
[37m      19 │ ...omponent, IconComponent, BottomSheetComponent, [32mSkeletonComponent[37m],
         ╵                                                   [32m~~~~~~~~~~~~~~~~~[0m

[39m[22m
[1m[31m[31mX [41;31m[[41;97mERROR[41;31m][0m [1mTS2339: Property 'isLoading' does not exist on type 'ProfileComponent'.[0m [1m[35m[plugin angular-compiler][0m

    src/app/features/profile/profile.component.html:14:49:
[37m      14 │ ...n type="submit" [loading]="[32misLoading[37m()" [disabled]="profileForm...
         ╵                               [32m~~~~~~~~~[0m

  Error occurs in the template of component ProfileComponent.

    src/app/features/profile/profile.component.ts:20:15:
[37m      20 │   templateUrl: [32m'./profile.component.html'[37m,
         ╵                [32m~~~~~~~~~~~~~~~~~~~~~~~~~~[0m


[31mX [41;31m[[41;97mERROR[41;31m][0m [1mTS2339: Property 'isLoading' does not exist on type 'ProfileComponent'.[0m [1m[35m[plugin angular-compiler][0m

    src/app/features/profile/profile.component.ts:89:9:
[37m      89 │     this.[32misLoading[37m.set(true);
         ╵          [32m~~~~~~~~~[0m


[31mX [41;31m[[41;97mERROR[41;31m][0m [1mTS2339: Property 'isLoading' does not exist on type 'ProfileComponent'.[0m [1m[35m[plugin angular-compiler][0m

    src/app/features/profile/profile.component.ts:92:9:
[37m      92 │     this.[32misLoading[37m.set(false);
         ╵          [32m~~~~~~~~~[0m


[31mX [41;31m[[41;97mERROR[41;31m][0m [1mTS2339: Property 'isLoading' does not exist on type 'ProfileComponent'.[0m [1m[35m[plugin angular-compiler][0m

    src/app/features/profile/profile.component.ts:143:9:
[37m      143 │     this.[32misLoading[37m.set(true);
          ╵          [32m~~~~~~~~~[0m


[31mX [41;31m[[41;97mERROR[41;31m][0m [1mTS2339: Property 'isLoading' does not exist on type 'ProfileComponent'.[0m [1m[35m[plugin angular-compiler][0m

    src/app/features/profile/profile.component.ts:153:9:
[37m      153 │     this.[32misLoading[37m.set(false);
          ╵          [32m~~~~~~~~~[0m


[31mX [41;31m[[41;97mERROR[41;31m][0m [1mTS2339: Property 'isLoading' does not exist on type 'ProfileComponent'.[0m [1m[35m[plugin angular-compiler][0m

    src/app/features/profile/profile.component.ts:183:11:
[37m      183 │       this.[32misLoading[37m.set(true);
          ╵            [32m~~~~~~~~~[0m


[31mX [41;31m[[41;97mERROR[41;31m][0m [1mTS2339: Property 'isLoading' does not exist on type 'ProfileComponent'.[0m [1m[35m[plugin angular-compiler][0m

    src/app/features/profile/profile.component.ts:186:11:
[37m      186 │       this.[32misLoading[37m.set(false);
          ╵            [32m~~~~~~~~~[0m


[31mX [41;31m[[41;97mERROR[41;31m][0m [1mTS2339: Property 'isLoading' does not exist on type 'ProfileComponent'.[0m [1m[35m[plugin angular-compiler][0m

    src/app/features/profile/profile.component.ts:193:13:
[37m      193 │         this.[32misLoading[37m.set(true);
          ╵              [32m~~~~~~~~~[0m


[31mX [41;31m[[41;97mERROR[41;31m][0m [1mTS2339: Property 'isLoading' does not exist on type 'ProfileComponent'.[0m [1m[35m[plugin angular-compiler][0m

    src/app/features/profile/profile.component.ts:196:13:
[37m      196 │         this.[32misLoading[37m.set(false);
          ╵              [32m~~~~~~~~~[0m


[31mX [41;31m[[41;97mERROR[41;31m][0m [1mTS2339: Property 'isLoading' does not exist on type 'ProfileComponent'.[0m [1m[35m[plugin angular-compiler][0m

    src/app/features/profile/profile.component.ts:242:9:
[37m      242 │     this.[32misLoading[37m.set(true);
          ╵          [32m~~~~~~~~~[0m


[31mX [41;31m[[41;97mERROR[41;31m][0m [1mTS2339: Property 'isLoading' does not exist on type 'ProfileComponent'.[0m [1m[35m[plugin angular-compiler][0m

    src/app/features/profile/profile.component.ts:269:9:
[37m      269 │     this.[32misLoading[37m.set(false);
          ╵          [32m~~~~~~~~~[0m

[39m[22m
[33m❯[39m Changes detected. Rebuilding...
[32m✔[39m Changes detected. Rebuilding...
Application bundle generation failed. [2.183 seconds] - 2026-06-16T02:39:08.297Z

[1m[33m[33m▲ [43;33m[[43;30mWARNING[43;33m][0m [1mNG8113: SkeletonComponent is not used within the template of ProfileComponent[0m [1m[35m[plugin angular-compiler][0m

    src/app/features/profile/profile.component.ts:19:132:
[37m      19 │ ...omponent, IconComponent, BottomSheetComponent, [32mSkeletonComponent[37m],
         ╵                                                   [32m~~~~~~~~~~~~~~~~~[0m

[39m[22m
[1m[31m[31mX [41;31m[[41;97mERROR[41;31m][0m [1mTS2339: Property 'isLoading' does not exist on type 'ProfileComponent'.[0m [1m[35m[plugin angular-compiler][0m

    src/app/features/profile/profile.component.html:14:49:
[37m      14 │ ...n type="submit" [loading]="[32misLoading[37m()" [disabled]="profileForm...
         ╵                               [32m~~~~~~~~~[0m

  Error occurs in the template of component ProfileComponent.

    src/app/features/profile/profile.component.ts:20:15:
[37m      20 │   templateUrl: [32m'./profile.component.html'[37m,
         ╵                [32m~~~~~~~~~~~~~~~~~~~~~~~~~~[0m

[39m[22m
[33m❯[39m Changes detected. Rebuilding...
[32m✔[39m Changes detected. Rebuilding...
[1mInitial chunk files[22m[2m | [22m[1mNames[22m                        [2m | [22m [1mRaw size[22m
[32mstyles.css[39m         [2m | [22m[2mstyles[22m                       [2m | [22m[36m211.72 kB[39m[2m | [22m
[32mchunk-QDD42SMS.js[39m  [2m | [22m[2m-[22m                            [2m | [22m  [36m9.78 kB[39m[2m | [22m
[32mmain.js[39m            [2m | [22m[2mmain[22m                         [2m | [22m  [36m9.32 kB[39m[2m | [22m
[32mchunk-X76KQBPE.js[39m  [2m | [22m[2m-[22m                            [2m | [22m  [36m8.84 kB[39m[2m | [22m
[32mchunk-5MRYYSXK.js[39m  [2m | [22m[2m-[22m                            [2m | [22m  [36m8.46 kB[39m[2m | [22m
[32mchunk-43QSG5IA.js[39m  [2m | [22m[2m-[22m                            [2m | [22m  [36m7.94 kB[39m[2m | [22m
[32mchunk-LUFQSMDN.js[39m  [2m | [22m[2m-[22m                            [2m | [22m  [36m1.49 kB[39m[2m | [22m
[32mchunk-VUJOFXKG.js[39m  [2m | [22m[2m-[22m                            [2m | [22m[36m938 bytes[39m[2m | [22m
[32mchunk-CAJJGEMV.js[39m  [2m | [22m[2m-[22m                            [2m | [22m[36m548 bytes[39m[2m | [22m
[32mchunk-QMV5Q7AQ.js[39m  [2m | [22m[2m-[22m                            [2m | [22m[36m252 bytes[39m[2m | [22m

[1m [22m                  [2m | [22m[1mInitial total[22m                [2m | [22m[1m259.29 kB[22m

[1mLazy chunk files[22m   [2m | [22m[1mNames[22m                        [2m | [22m [1mRaw size[22m
[32mchunk-AWNSU6AQ.js[39m  [2m | [22m[2m-[22m                            [2m | [22m [36m55.24 kB[39m[2m | [22m
[32mchunk-DMA2IQRN.js[39m  [2m | [22m[2mcheckout-component[22m           [2m | [22m [36m53.32 kB[39m[2m | [22m
[32mchunk-HE22QNHC.js[39m  [2m | [22m[2mproduct-list-component[22m       [2m | [22m [36m39.70 kB[39m[2m | [22m
[32mchunk-D2AHX5MY.js[39m  [2m | [22m[2mdashboard-component[22m          [2m | [22m [36m36.59 kB[39m[2m | [22m
[32mchunk-Q7ITCZ2W.js[39m  [2m | [22m[2madmin-layout-component[22m       [2m | [22m [36m34.85 kB[39m[2m | [22m
[32mchunk-RFXPV6S3.js[39m  [2m | [22m[2mhome-addresses-list-component[22m[2m | [22m [36m34.75 kB[39m[2m | [22m
[32mchunk-SJJ3DKHO.js[39m  [2m | [22m[2mproducts-list-component[22m      [2m | [22m [36m33.82 kB[39m[2m | [22m
[32mchunk-UGUPUWOG.js[39m  [2m | [22m[2mprofile-component[22m            [2m | [22m [36m32.86 kB[39m[2m | [22m
[32mchunk-JA5V43R3.js[39m  [2m | [22m[2mcustomer-layout-component[22m    [2m | [22m [36m28.34 kB[39m[2m | [22m
[32mchunk-ZFMTWL73.js[39m  [2m | [22m[2mhome-component[22m               [2m | [22m [36m26.55 kB[39m[2m | [22m
[32mchunk-K5JFV3CY.js[39m  [2m | [22m[2mcomplaints-list-component[22m    [2m | [22m [36m25.62 kB[39m[2m | [22m
[32mchunk-KBT6FN5V.js[39m  [2m | [22m[2mcategories-list-component[22m    [2m | [22m [36m21.81 kB[39m[2m | [22m
[32mchunk-3AY4W6ZE.js[39m  [2m | [22m[2mcart-component[22m               [2m | [22m [36m21.62 kB[39m[2m | [22m
[32mchunk-TOLX7JMN.js[39m  [2m | [22m[2m-[22m                            [2m | [22m [36m20.03 kB[39m[2m | [22m
[32mchunk-HZDPVOVY.js[39m  [2m | [22m[2m-[22m                            [2m | [22m [36m19.18 kB[39m[2m | [22m
[2m...and 32 more lazy chunks files. Use "--verbose" to show all the files.[22m

Application bundle generation complete. [2.608 seconds] - 2026-06-16T02:39:16.671Z

[1m[33m[33m▲ [43;33m[[43;30mWARNING[43;33m][0m [1mNG8113: SkeletonComponent is not used within the template of ProfileComponent[0m [1m[35m[plugin angular-compiler][0m

    src/app/features/profile/profile.component.ts:19:132:
[37m      19 │ ...omponent, IconComponent, BottomSheetComponent, [32mSkeletonComponent[37m],
         ╵                                                   [32m~~~~~~~~~~~~~~~~~[0m

[39m[22m
Page reload sent to client(s).
[33m❯[39m Changes detected. Rebuilding...
[32m✔[39m Changes detected. Rebuilding...
[1mInitial chunk files[22m[2m | [22m[1mNames[22m            [2m | [22m[1mRaw size[22m
[32mmain.js[39m            [2m | [22m[2mmain[22m             [2m | [22m [36m9.32 kB[39m[2m | [22m

[1mLazy chunk files[22m   [2m | [22m[1mNames[22m            [2m | [22m[1mRaw size[22m
[32mchunk-RJQ4GHA2.js[39m  [2m | [22m[2mprofile-component[22m[2m | [22m[36m32.58 kB[39m[2m | [22m

Application bundle generation complete. [3.556 seconds] - 2026-06-16T02:39:50.763Z

Component update sent to client(s).
[33m❯[39m Changes detected. Rebuilding...
[32m✔[39m Changes detected. Rebuilding...
[1mInitial chunk files[22m[2m | [22m[1mNames[22m [2m | [22m [1mRaw size[22m
[32mstyles.css[39m         [2m | [22m[2mstyles[22m[2m | [22m[36m211.88 kB[39m[2m | [22m

Application bundle generation complete. [4.438 seconds] - 2026-06-16T02:44:18.439Z

Stylesheet update sent to client(s).
[33m❯[39m Changes detected. Rebuilding...
[32m✔[39m Changes detected. Rebuilding...
Application bundle generation failed. [3.975 seconds] - 2026-06-16T02:44:22.453Z

[1m[31m[31mX [41;31m[[41;97mERROR[41;31m][0m [1mTS2339: Property 'onRouteActivate' does not exist on type 'CustomerLayoutComponent'.[0m [1m[35m[plugin angular-compiler][0m

    src/app/layouts/customer-layout/customer-layout.component.html:49:35:
[37m      49 │ ...    <router-outlet (activate)="[32monRouteActivate[37m()"></router-outlet>
         ╵                                   [32m~~~~~~~~~~~~~~~[0m

  Error occurs in the template of component CustomerLayoutComponent.

    src/app/layouts/customer-layout/customer-layout.component.ts:16:15:
[37m      16 │   templateUrl: [32m'./customer-layout.component.html'[37m,
         ╵                [32m~~~~~~~~~~~~~~~~~~~~~~~~~~~~~~~~~~[0m

[39m[22m
[33m❯[39m Changes detected. Rebuilding...
[32m✔[39m Changes detected. Rebuilding...
[1mInitial chunk files[22m[2m | [22m[1mNames[22m                        [2m | [22m [1mRaw size[22m
[32mstyles.css[39m         [2m | [22m[2mstyles[22m                       [2m | [22m[36m211.94 kB[39m[2m | [22m
[32mchunk-QDD42SMS.js[39m  [2m | [22m[2m-[22m                            [2m | [22m  [36m9.78 kB[39m[2m | [22m
[32mmain.js[39m            [2m | [22m[2mmain[22m                         [2m | [22m  [36m9.32 kB[39m[2m | [22m
[32mchunk-X76KQBPE.js[39m  [2m | [22m[2m-[22m                            [2m | [22m  [36m8.84 kB[39m[2m | [22m
[32mchunk-5MRYYSXK.js[39m  [2m | [22m[2m-[22m                            [2m | [22m  [36m8.46 kB[39m[2m | [22m
[32mchunk-43QSG5IA.js[39m  [2m | [22m[2m-[22m                            [2m | [22m  [36m7.94 kB[39m[2m | [22m
[32mchunk-LUFQSMDN.js[39m  [2m | [22m[2m-[22m                            [2m | [22m  [36m1.49 kB[39m[2m | [22m
[32mchunk-VUJOFXKG.js[39m  [2m | [22m[2m-[22m                            [2m | [22m[36m938 bytes[39m[2m | [22m
[32mchunk-CAJJGEMV.js[39m  [2m | [22m[2m-[22m                            [2m | [22m[36m548 bytes[39m[2m | [22m
[32mchunk-QMV5Q7AQ.js[39m  [2m | [22m[2m-[22m                            [2m | [22m[36m252 bytes[39m[2m | [22m

[1m [22m                  [2m | [22m[1mInitial total[22m                [2m | [22m[1m259.51 kB[22m

[1mLazy chunk files[22m   [2m | [22m[1mNames[22m                        [2m | [22m [1mRaw size[22m
[32mchunk-AWNSU6AQ.js[39m  [2m | [22m[2m-[22m                            [2m | [22m [36m55.24 kB[39m[2m | [22m
[32mchunk-DMA2IQRN.js[39m  [2m | [22m[2mcheckout-component[22m           [2m | [22m [36m53.32 kB[39m[2m | [22m
[32mchunk-HE22QNHC.js[39m  [2m | [22m[2mproduct-list-component[22m       [2m | [22m [36m39.70 kB[39m[2m | [22m
[32mchunk-D2AHX5MY.js[39m  [2m | [22m[2mdashboard-component[22m          [2m | [22m [36m36.59 kB[39m[2m | [22m
[32mchunk-Q7ITCZ2W.js[39m  [2m | [22m[2madmin-layout-component[22m       [2m | [22m [36m34.85 kB[39m[2m | [22m
[32mchunk-RFXPV6S3.js[39m  [2m | [22m[2mhome-addresses-list-component[22m[2m | [22m [36m34.75 kB[39m[2m | [22m
[32mchunk-SJJ3DKHO.js[39m  [2m | [22m[2mproducts-list-component[22m      [2m | [22m [36m33.82 kB[39m[2m | [22m
[32mchunk-RJQ4GHA2.js[39m  [2m | [22m[2mprofile-component[22m            [2m | [22m [36m32.58 kB[39m[2m | [22m
[32mchunk-TVGEY6L3.js[39m  [2m | [22m[2mcustomer-layout-component[22m    [2m | [22m [36m29.37 kB[39m[2m | [22m
[32mchunk-ZFMTWL73.js[39m  [2m | [22m[2mhome-component[22m               [2m | [22m [36m26.55 kB[39m[2m | [22m
[32mchunk-K5JFV3CY.js[39m  [2m | [22m[2mcomplaints-list-component[22m    [2m | [22m [36m25.62 kB[39m[2m | [22m
[32mchunk-KBT6FN5V.js[39m  [2m | [22m[2mcategories-list-component[22m    [2m | [22m [36m21.81 kB[39m[2m | [22m
[32mchunk-3AY4W6ZE.js[39m  [2m | [22m[2mcart-component[22m               [2m | [22m [36m21.62 kB[39m[2m | [22m
[32mchunk-TOLX7JMN.js[39m  [2m | [22m[2m-[22m                            [2m | [22m [36m20.03 kB[39m[2m | [22m
[32mchunk-HZDPVOVY.js[39m  [2m | [22m[2m-[22m                            [2m | [22m [36m19.18 kB[39m[2m | [22m
[2m...and 32 more lazy chunks files. Use "--verbose" to show all the files.[22m

Application bundle generation complete. [2.795 seconds] - 2026-06-16T02:44:25.254Z

Page reload sent to client(s).
[33m❯[39m Changes detected. Rebuilding...
[32m✔[39m Changes detected. Rebuilding...
Application bundle generation failed. [3.352 seconds] - 2026-06-16T02:44:28.618Z

[1m[31m[31mX [41;31m[[41;97mERROR[41;31m][0m [1mTS2339: Property 'onRouteActivate' does not exist on type 'InnerPageLayoutComponent'.[0m [1m[35m[plugin angular-compiler][0m

    src/app/layouts/inner-page-layout/inner-page-layout.component.html:26:35:
[37m      26 │ ...    <router-outlet (activate)="[32monRouteActivate[37m()"></router-outlet>
         ╵                                   [32m~~~~~~~~~~~~~~~[0m

  Error occurs in the template of component InnerPageLayoutComponent.

    src/app/layouts/inner-page-layout/inner-page-layout.component.ts:11:15:
[37m      11 │   templateUrl: [32m'./inner-page-layout.component.html'[37m,
         ╵                [32m~~~~~~~~~~~~~~~~~~~~~~~~~~~~~~~~~~~~[0m

[39m[22m
[33m❯[39m Changes detected. Rebuilding...
[32m✔[39m Changes detected. Rebuilding...
[1mInitial chunk files[22m[2m | [22m[1mNames[22m                        [2m | [22m [1mRaw size[22m
[32mstyles.css[39m         [2m | [22m[2mstyles[22m                       [2m | [22m[36m211.94 kB[39m[2m | [22m
[32mchunk-QDD42SMS.js[39m  [2m | [22m[2m-[22m                            [2m | [22m  [36m9.78 kB[39m[2m | [22m
[32mmain.js[39m            [2m | [22m[2mmain[22m                         [2m | [22m  [36m9.32 kB[39m[2m | [22m
[32mchunk-X76KQBPE.js[39m  [2m | [22m[2m-[22m                            [2m | [22m  [36m8.84 kB[39m[2m | [22m
[32mchunk-5MRYYSXK.js[39m  [2m | [22m[2m-[22m                            [2m | [22m  [36m8.46 kB[39m[2m | [22m
[32mchunk-43QSG5IA.js[39m  [2m | [22m[2m-[22m                            [2m | [22m  [36m7.94 kB[39m[2m | [22m
[32mchunk-LUFQSMDN.js[39m  [2m | [22m[2m-[22m                            [2m | [22m  [36m1.49 kB[39m[2m | [22m
[32mchunk-VUJOFXKG.js[39m  [2m | [22m[2m-[22m                            [2m | [22m[36m938 bytes[39m[2m | [22m
[32mchunk-CAJJGEMV.js[39m  [2m | [22m[2m-[22m                            [2m | [22m[36m548 bytes[39m[2m | [22m
[32mchunk-QMV5Q7AQ.js[39m  [2m | [22m[2m-[22m                            [2m | [22m[36m252 bytes[39m[2m | [22m

[1m [22m                  [2m | [22m[1mInitial total[22m                [2m | [22m[1m259.51 kB[22m

[1mLazy chunk files[22m   [2m | [22m[1mNames[22m                        [2m | [22m [1mRaw size[22m
[32mchunk-AWNSU6AQ.js[39m  [2m | [22m[2m-[22m                            [2m | [22m [36m55.24 kB[39m[2m | [22m
[32mchunk-DMA2IQRN.js[39m  [2m | [22m[2mcheckout-component[22m           [2m | [22m [36m53.32 kB[39m[2m | [22m
[32mchunk-HE22QNHC.js[39m  [2m | [22m[2mproduct-list-component[22m       [2m | [22m [36m39.70 kB[39m[2m | [22m
[32mchunk-D2AHX5MY.js[39m  [2m | [22m[2mdashboard-component[22m          [2m | [22m [36m36.59 kB[39m[2m | [22m
[32mchunk-Q7ITCZ2W.js[39m  [2m | [22m[2madmin-layout-component[22m       [2m | [22m [36m34.85 kB[39m[2m | [22m
[32mchunk-RFXPV6S3.js[39m  [2m | [22m[2mhome-addresses-list-component[22m[2m | [22m [36m34.75 kB[39m[2m | [22m
[32mchunk-SJJ3DKHO.js[39m  [2m | [22m[2mproducts-list-component[22m      [2m | [22m [36m33.82 kB[39m[2m | [22m
[32mchunk-RJQ4GHA2.js[39m  [2m | [22m[2mprofile-component[22m            [2m | [22m [36m32.58 kB[39m[2m | [22m
[32mchunk-TVGEY6L3.js[39m  [2m | [22m[2mcustomer-layout-component[22m    [2m | [22m [36m29.37 kB[39m[2m | [22m
[32mchunk-ZFMTWL73.js[39m  [2m | [22m[2mhome-component[22m               [2m | [22m [36m26.55 kB[39m[2m | [22m
[32mchunk-K5JFV3CY.js[39m  [2m | [22m[2mcomplaints-list-component[22m    [2m | [22m [36m25.62 kB[39m[2m | [22m
[32mchunk-KBT6FN5V.js[39m  [2m | [22m[2mcategories-list-component[22m    [2m | [22m [36m21.81 kB[39m[2m | [22m
[32mchunk-3AY4W6ZE.js[39m  [2m | [22m[2mcart-component[22m               [2m | [22m [36m21.62 kB[39m[2m | [22m
[32mchunk-TOLX7JMN.js[39m  [2m | [22m[2m-[22m                            [2m | [22m [36m20.03 kB[39m[2m | [22m
[32mchunk-HZDPVOVY.js[39m  [2m | [22m[2m-[22m                            [2m | [22m [36m19.18 kB[39m[2m | [22m
[2m...and 32 more lazy chunks files. Use "--verbose" to show all the files.[22m

Application bundle generation complete. [2.496 seconds] - 2026-06-16T02:44:31.122Z

Page reload sent to client(s).
[33m❯[39m Changes detected. Rebuilding...
[32m✔[39m Changes detected. Rebuilding...
[1mInitial chunk files[22m[2m | [22m[1mNames[22m [2m | [22m [1mRaw size[22m
[32mstyles.css[39m         [2m | [22m[2mstyles[22m[2m | [22m[36m211.81 kB[39m[2m | [22m

Application bundle generation complete. [2.652 seconds] - 2026-06-16T03:00:45.364Z

Stylesheet update sent to client(s).
[33m❯[39m Changes detected. Rebuilding...
[32m✔[39m Changes detected. Rebuilding...
[1mInitial chunk files[22m[2m | [22m[1mNames[22m                    [2m | [22m [1mRaw size[22m
[32mstyles.css[39m         [2m | [22m[2mstyles[22m                   [2m | [22m[36m211.87 kB[39m[2m | [22m
[32mmain.js[39m            [2m | [22m[2mmain[22m                     [2m | [22m  [36m9.32 kB[39m[2m | [22m

[1mLazy chunk files[22m   [2m | [22m[1mNames[22m                    [2m | [22m [1mRaw size[22m
[32mchunk-KYWYPEJL.js[39m  [2m | [22m[2mcustomer-layout-component[22m[2m | [22m [36m29.36 kB[39m[2m | [22m

Application bundle generation complete. [3.316 seconds] - 2026-06-16T03:00:48.685Z

Page reload sent to client(s).
[33m❯[39m Changes detected. Rebuilding...
[32m✔[39m Changes detected. Rebuilding...
[1mInitial chunk files[22m[2m | [22m[1mNames[22m                      [2m | [22m[1mRaw size[22m
[32mmain.js[39m            [2m | [22m[2mmain[22m                       [2m | [22m [36m9.32 kB[39m[2m | [22m

[1mLazy chunk files[22m   [2m | [22m[1mNames[22m                      [2m | [22m[1mRaw size[22m
[32mchunk-CYQOQZ5K.js[39m  [2m | [22m[2minner-page-layout-component[22m[2m | [22m[36m12.74 kB[39m[2m | [22m

Application bundle generation complete. [2.362 seconds] - 2026-06-16T03:00:51.052Z

Page reload sent to client(s).
[33m❯[39m Changes detected. Rebuilding...
[32m✔[39m Changes detected. Rebuilding...
[1mInitial chunk files[22m[2m | [22m[1mNames[22m                        [2m | [22m[1mRaw size[22m
[32mmain.js[39m            [2m | [22m[2mmain[22m                         [2m | [22m [36m9.32 kB[39m[2m | [22m

[1mLazy chunk files[22m   [2m | [22m[1mNames[22m                        [2m | [22m[1mRaw size[22m
[32mchunk-DSJDHNKZ.js[39m  [2m | [22m[2mcheckout-component[22m           [2m | [22m[36m53.32 kB[39m[2m | [22m
[32mchunk-BTJDZCM4.js[39m  [2m | [22m[2mhome-addresses-list-component[22m[2m | [22m[36m34.75 kB[39m[2m | [22m
[32mchunk-QSUSBF6J.js[39m  [2m | [22m[2mprofile-component[22m            [2m | [22m[36m32.58 kB[39m[2m | [22m
[32mchunk-AX7EHCXI.js[39m  [2m | [22m[2m-[22m                            [2m | [22m [36m2.58 kB[39m[2m | [22m

Application bundle generation complete. [5.147 seconds] - 2026-06-16T03:13:39.066Z

Page reload sent to client(s).
[33m❯[39m Changes detected. Rebuilding...
[32m✔[39m Changes detected. Rebuilding...
[1mInitial chunk files[22m[2m | [22m[1mNames[22m             [2m | [22m[1mRaw size[22m
[32mmain.js[39m            [2m | [22m[2mmain[22m              [2m | [22m [36m9.32 kB[39m[2m | [22m

[1mLazy chunk files[22m   [2m | [22m[1mNames[22m             [2m | [22m[1mRaw size[22m
[32mchunk-MHUMW7JH.js[39m  [2m | [22m[2mcheckout-component[22m[2m | [22m[36m53.32 kB[39m[2m | [22m

Application bundle generation complete. [8.107 seconds] - 2026-06-16T03:14:49.409Z

Page reload sent to client(s).
[33m❯[39m Changes detected. Rebuilding...
[32m✔[39m Changes detected. Rebuilding...
[1mInitial chunk files[22m[2m | [22m[1mNames[22m                        [2m | [22m [1mRaw size[22m
[32mstyles.css[39m         [2m | [22m[2mstyles[22m                       [2m | [22m[36m211.87 kB[39m[2m | [22m
[32mchunk-QDD42SMS.js[39m  [2m | [22m[2m-[22m                            [2m | [22m  [36m9.78 kB[39m[2m | [22m
[32mmain.js[39m            [2m | [22m[2mmain[22m                         [2m | [22m  [36m9.32 kB[39m[2m | [22m
[32mchunk-X76KQBPE.js[39m  [2m | [22m[2m-[22m                            [2m | [22m  [36m8.84 kB[39m[2m | [22m
[32mchunk-5MRYYSXK.js[39m  [2m | [22m[2m-[22m                            [2m | [22m  [36m8.46 kB[39m[2m | [22m
[32mchunk-43QSG5IA.js[39m  [2m | [22m[2m-[22m                            [2m | [22m  [36m7.94 kB[39m[2m | [22m
[32mchunk-LUFQSMDN.js[39m  [2m | [22m[2m-[22m                            [2m | [22m  [36m1.49 kB[39m[2m | [22m
[32mchunk-VUJOFXKG.js[39m  [2m | [22m[2m-[22m                            [2m | [22m[36m938 bytes[39m[2m | [22m
[32mchunk-CAJJGEMV.js[39m  [2m | [22m[2m-[22m                            [2m | [22m[36m548 bytes[39m[2m | [22m
[32mchunk-QMV5Q7AQ.js[39m  [2m | [22m[2m-[22m                            [2m | [22m[36m252 bytes[39m[2m | [22m

[1m [22m                  [2m | [22m[1mInitial total[22m                [2m | [22m[1m259.44 kB[22m

[1mLazy chunk files[22m   [2m | [22m[1mNames[22m                        [2m | [22m [1mRaw size[22m
[32mchunk-AWNSU6AQ.js[39m  [2m | [22m[2m-[22m                            [2m | [22m [36m55.24 kB[39m[2m | [22m
[32mchunk-MHUMW7JH.js[39m  [2m | [22m[2mcheckout-component[22m           [2m | [22m [36m53.32 kB[39m[2m | [22m
[32mchunk-HE22QNHC.js[39m  [2m | [22m[2mproduct-list-component[22m       [2m | [22m [36m39.70 kB[39m[2m | [22m
[32mchunk-D2AHX5MY.js[39m  [2m | [22m[2mdashboard-component[22m          [2m | [22m [36m36.59 kB[39m[2m | [22m
[32mchunk-Q7ITCZ2W.js[39m  [2m | [22m[2madmin-layout-component[22m       [2m | [22m [36m34.85 kB[39m[2m | [22m
[32mchunk-BTJDZCM4.js[39m  [2m | [22m[2mhome-addresses-list-component[22m[2m | [22m [36m34.75 kB[39m[2m | [22m
[32mchunk-SJJ3DKHO.js[39m  [2m | [22m[2mproducts-list-component[22m      [2m | [22m [36m33.82 kB[39m[2m | [22m
[32mchunk-QSUSBF6J.js[39m  [2m | [22m[2mprofile-component[22m            [2m | [22m [36m32.58 kB[39m[2m | [22m
[32mchunk-KYWYPEJL.js[39m  [2m | [22m[2mcustomer-layout-component[22m    [2m | [22m [36m29.36 kB[39m[2m | [22m
[32mchunk-ZFMTWL73.js[39m  [2m | [22m[2mhome-component[22m               [2m | [22m [36m26.55 kB[39m[2m | [22m
[32mchunk-K5JFV3CY.js[39m  [2m | [22m[2mcomplaints-list-component[22m    [2m | [22m [36m25.62 kB[39m[2m | [22m
[32mchunk-KBT6FN5V.js[39m  [2m | [22m[2mcategories-list-component[22m    [2m | [22m [36m21.81 kB[39m[2m | [22m
[32mchunk-3AY4W6ZE.js[39m  [2m | [22m[2mcart-component[22m               [2m | [22m [36m21.62 kB[39m[2m | [22m
[32mchunk-TOLX7JMN.js[39m  [2m | [22m[2m-[22m                            [2m | [22m [36m20.03 kB[39m[2m | [22m
[32mchunk-HZDPVOVY.js[39m  [2m | [22m[2m-[22m                            [2m | [22m [36m19.18 kB[39m[2m | [22m
[2m...and 32 more lazy chunks files. Use "--verbose" to show all the files.[22m

Application bundle generation complete. [1.228 seconds] - 2026-06-16T03:30:45.707Z

[33m❯[39m Changes detected. Rebuilding...
[32m✔[39m Changes detected. Rebuilding...
[1mInitial chunk files[22m[2m | [22m[1mNames[22m                        [2m | [22m [1mRaw size[22m
[32mstyles.css[39m         [2m | [22m[2mstyles[22m                       [2m | [22m[36m211.87 kB[39m[2m | [22m
[32mchunk-QDD42SMS.js[39m  [2m | [22m[2m-[22m                            [2m | [22m  [36m9.78 kB[39m[2m | [22m
[32mmain.js[39m            [2m | [22m[2mmain[22m                         [2m | [22m  [36m9.32 kB[39m[2m | [22m
[32mchunk-X76KQBPE.js[39m  [2m | [22m[2m-[22m                            [2m | [22m  [36m8.84 kB[39m[2m | [22m
[32mchunk-5MRYYSXK.js[39m  [2m | [22m[2m-[22m                            [2m | [22m  [36m8.46 kB[39m[2m | [22m
[32mchunk-43QSG5IA.js[39m  [2m | [22m[2m-[22m                            [2m | [22m  [36m7.94 kB[39m[2m | [22m
[32mchunk-LUFQSMDN.js[39m  [2m | [22m[2m-[22m                            [2m | [22m  [36m1.49 kB[39m[2m | [22m
[32mchunk-VUJOFXKG.js[39m  [2m | [22m[2m-[22m                            [2m | [22m[36m938 bytes[39m[2m | [22m
[32mchunk-CAJJGEMV.js[39m  [2m | [22m[2m-[22m                            [2m | [22m[36m548 bytes[39m[2m | [22m
[32mchunk-QMV5Q7AQ.js[39m  [2m | [22m[2m-[22m                            [2m | [22m[36m252 bytes[39m[2m | [22m

[1m [22m                  [2m | [22m[1mInitial total[22m                [2m | [22m[1m259.44 kB[22m

[1mLazy chunk files[22m   [2m | [22m[1mNames[22m                        [2m | [22m [1mRaw size[22m
[32mchunk-AWNSU6AQ.js[39m  [2m | [22m[2m-[22m                            [2m | [22m [36m55.24 kB[39m[2m | [22m
[32mchunk-MHUMW7JH.js[39m  [2m | [22m[2mcheckout-component[22m           [2m | [22m [36m53.32 kB[39m[2m | [22m
[32mchunk-HE22QNHC.js[39m  [2m | [22m[2mproduct-list-component[22m       [2m | [22m [36m39.70 kB[39m[2m | [22m
[32mchunk-D2AHX5MY.js[39m  [2m | [22m[2mdashboard-component[22m          [2m | [22m [36m36.59 kB[39m[2m | [22m
[32mchunk-Q7ITCZ2W.js[39m  [2m | [22m[2madmin-layout-component[22m       [2m | [22m [36m34.85 kB[39m[2m | [22m
[32mchunk-BTJDZCM4.js[39m  [2m | [22m[2mhome-addresses-list-component[22m[2m | [22m [36m34.75 kB[39m[2m | [22m
[32mchunk-SJJ3DKHO.js[39m  [2m | [22m[2mproducts-list-component[22m      [2m | [22m [36m33.82 kB[39m[2m | [22m
[32mchunk-QSUSBF6J.js[39m  [2m | [22m[2mprofile-component[22m            [2m | [22m [36m32.58 kB[39m[2m | [22m
[32mchunk-KYWYPEJL.js[39m  [2m | [22m[2mcustomer-layout-component[22m    [2m | [22m [36m29.36 kB[39m[2m | [22m
[32mchunk-ZFMTWL73.js[39m  [2m | [22m[2mhome-component[22m               [2m | [22m [36m26.55 kB[39m[2m | [22m
[32mchunk-K5JFV3CY.js[39m  [2m | [22m[2mcomplaints-list-component[22m    [2m | [22m [36m25.62 kB[39m[2m | [22m
[32mchunk-KBT6FN5V.js[39m  [2m | [22m[2mcategories-list-component[22m    [2m | [22m [36m21.81 kB[39m[2m | [22m
[32mchunk-3AY4W6ZE.js[39m  [2m | [22m[2mcart-component[22m               [2m | [22m [36m21.62 kB[39m[2m | [22m
[32mchunk-TOLX7JMN.js[39m  [2m | [22m[2m-[22m                            [2m | [22m [36m20.03 kB[39m[2m | [22m
[32mchunk-HZDPVOVY.js[39m  [2m | [22m[2m-[22m                            [2m | [22m [36m19.18 kB[39m[2m | [22m
[2m...and 32 more lazy chunks files. Use "--verbose" to show all the files.[22m

Application bundle generation complete. [0.965 seconds] - 2026-06-16T03:30:48.499Z

[33m❯[39m Changes detected. Rebuilding...
[32m✔[39m Changes detected. Rebuilding...
[1mInitial chunk files[22m[2m | [22m[1mNames[22m                        [2m | [22m [1mRaw size[22m
[32mstyles.css[39m         [2m | [22m[2mstyles[22m                       [2m | [22m[36m211.87 kB[39m[2m | [22m
[32mchunk-QDD42SMS.js[39m  [2m | [22m[2m-[22m                            [2m | [22m  [36m9.78 kB[39m[2m | [22m
[32mmain.js[39m            [2m | [22m[2mmain[22m                         [2m | [22m  [36m9.32 kB[39m[2m | [22m
[32mchunk-X76KQBPE.js[39m  [2m | [22m[2m-[22m                            [2m | [22m  [36m8.84 kB[39m[2m | [22m
[32mchunk-5MRYYSXK.js[39m  [2m | [22m[2m-[22m                            [2m | [22m  [36m8.46 kB[39m[2m | [22m
[32mchunk-43QSG5IA.js[39m  [2m | [22m[2m-[22m                            [2m | [22m  [36m7.94 kB[39m[2m | [22m
[32mchunk-LUFQSMDN.js[39m  [2m | [22m[2m-[22m                            [2m | [22m  [36m1.49 kB[39m[2m | [22m
[32mchunk-VUJOFXKG.js[39m  [2m | [22m[2m-[22m                            [2m | [22m[36m938 bytes[39m[2m | [22m
[32mchunk-CAJJGEMV.js[39m  [2m | [22m[2m-[22m                            [2m | [22m[36m548 bytes[39m[2m | [22m
[32mchunk-QMV5Q7AQ.js[39m  [2m | [22m[2m-[22m                            [2m | [22m[36m252 bytes[39m[2m | [22m

[1m [22m                  [2m | [22m[1mInitial total[22m                [2m | [22m[1m259.44 kB[22m

[1mLazy chunk files[22m   [2m | [22m[1mNames[22m                        [2m | [22m [1mRaw size[22m
[32mchunk-AWNSU6AQ.js[39m  [2m | [22m[2m-[22m                            [2m | [22m [36m55.24 kB[39m[2m | [22m
[32mchunk-MHUMW7JH.js[39m  [2m | [22m[2mcheckout-component[22m           [2m | [22m [36m53.32 kB[39m[2m | [22m
[32mchunk-HE22QNHC.js[39m  [2m | [22m[2mproduct-list-component[22m       [2m | [22m [36m39.70 kB[39m[2m | [22m
[32mchunk-D2AHX5MY.js[39m  [2m | [22m[2mdashboard-component[22m          [2m | [22m [36m36.59 kB[39m[2m | [22m
[32mchunk-Q7ITCZ2W.js[39m  [2m | [22m[2madmin-layout-component[22m       [2m | [22m [36m34.85 kB[39m[2m | [22m
[32mchunk-BTJDZCM4.js[39m  [2m | [22m[2mhome-addresses-list-component[22m[2m | [22m [36m34.75 kB[39m[2m | [22m
[32mchunk-SJJ3DKHO.js[39m  [2m | [22m[2mproducts-list-component[22m      [2m | [22m [36m33.82 kB[39m[2m | [22m
[32mchunk-QSUSBF6J.js[39m  [2m | [22m[2mprofile-component[22m            [2m | [22m [36m32.58 kB[39m[2m | [22m
[32mchunk-KYWYPEJL.js[39m  [2m | [22m[2mcustomer-layout-component[22m    [2m | [22m [36m29.36 kB[39m[2m | [22m
[32mchunk-ZFMTWL73.js[39m  [2m | [22m[2mhome-component[22m               [2m | [22m [36m26.55 kB[39m[2m | [22m
[32mchunk-K5JFV3CY.js[39m  [2m | [22m[2mcomplaints-list-component[22m    [2m | [22m [36m25.62 kB[39m[2m | [22m
[32mchunk-KBT6FN5V.js[39m  [2m | [22m[2mcategories-list-component[22m    [2m | [22m [36m21.81 kB[39m[2m | [22m
[32mchunk-3AY4W6ZE.js[39m  [2m | [22m[2mcart-component[22m               [2m | [22m [36m21.62 kB[39m[2m | [22m
[32mchunk-TOLX7JMN.js[39m  [2m | [22m[2m-[22m                            [2m | [22m [36m20.03 kB[39m[2m | [22m
[32mchunk-HZDPVOVY.js[39m  [2m | [22m[2m-[22m                            [2m | [22m [36m19.18 kB[39m[2m | [22m
[2m...and 32 more lazy chunks files. Use "--verbose" to show all the files.[22m

Application bundle generation complete. [1.266 seconds] - 2026-06-16T03:36:38.644Z

[33m❯[39m Changes detected. Rebuilding...
[32m✔[39m Changes detected. Rebuilding...
[1mInitial chunk files[22m[2m | [22m[1mNames[22m                        [2m | [22m [1mRaw size[22m
[32mstyles.css[39m         [2m | [22m[2mstyles[22m                       [2m | [22m[36m211.87 kB[39m[2m | [22m
[32mchunk-QDD42SMS.js[39m  [2m | [22m[2m-[22m                            [2m | [22m  [36m9.78 kB[39m[2m | [22m
[32mmain.js[39m            [2m | [22m[2mmain[22m                         [2m | [22m  [36m9.32 kB[39m[2m | [22m
[32mchunk-X76KQBPE.js[39m  [2m | [22m[2m-[22m                            [2m | [22m  [36m8.84 kB[39m[2m | [22m
[32mchunk-5MRYYSXK.js[39m  [2m | [22m[2m-[22m                            [2m | [22m  [36m8.46 kB[39m[2m | [22m
[32mchunk-43QSG5IA.js[39m  [2m | [22m[2m-[22m                            [2m | [22m  [36m7.94 kB[39m[2m | [22m
[32mchunk-LUFQSMDN.js[39m  [2m | [22m[2m-[22m                            [2m | [22m  [36m1.49 kB[39m[2m | [22m
[32mchunk-VUJOFXKG.js[39m  [2m | [22m[2m-[22m                            [2m | [22m[36m938 bytes[39m[2m | [22m
[32mchunk-CAJJGEMV.js[39m  [2m | [22m[2m-[22m                            [2m | [22m[36m548 bytes[39m[2m | [22m
[32mchunk-QMV5Q7AQ.js[39m  [2m | [22m[2m-[22m                            [2m | [22m[36m252 bytes[39m[2m | [22m

[1m [22m                  [2m | [22m[1mInitial total[22m                [2m | [22m[1m259.44 kB[22m

[1mLazy chunk files[22m   [2m | [22m[1mNames[22m                        [2m | [22m [1mRaw size[22m
[32mchunk-AWNSU6AQ.js[39m  [2m | [22m[2m-[22m                            [2m | [22m [36m55.24 kB[39m[2m | [22m
[32mchunk-MHUMW7JH.js[39m  [2m | [22m[2mcheckout-component[22m           [2m | [22m [36m53.32 kB[39m[2m | [22m
[32mchunk-HE22QNHC.js[39m  [2m | [22m[2mproduct-list-component[22m       [2m | [22m [36m39.70 kB[39m[2m | [22m
[32mchunk-D2AHX5MY.js[39m  [2m | [22m[2mdashboard-component[22m          [2m | [22m [36m36.59 kB[39m[2m | [22m
[32mchunk-Q7ITCZ2W.js[39m  [2m | [22m[2madmin-layout-component[22m       [2m | [22m [36m34.85 kB[39m[2m | [22m
[32mchunk-BTJDZCM4.js[39m  [2m | [22m[2mhome-addresses-list-component[22m[2m | [22m [36m34.75 kB[39m[2m | [22m
[32mchunk-SJJ3DKHO.js[39m  [2m | [22m[2mproducts-list-component[22m      [2m | [22m [36m33.82 kB[39m[2m | [22m
[32mchunk-QSUSBF6J.js[39m  [2m | [22m[2mprofile-component[22m            [2m | [22m [36m32.58 kB[39m[2m | [22m
[32mchunk-KYWYPEJL.js[39m  [2m | [22m[2mcustomer-layout-component[22m    [2m | [22m [36m29.36 kB[39m[2m | [22m
[32mchunk-ZFMTWL73.js[39m  [2m | [22m[2mhome-component[22m               [2m | [22m [36m26.55 kB[39m[2m | [22m
[32mchunk-K5JFV3CY.js[39m  [2m | [22m[2mcomplaints-list-component[22m    [2m | [22m [36m25.62 kB[39m[2m | [22m
[32mchunk-KBT6FN5V.js[39m  [2m | [22m[2mcategories-list-component[22m    [2m | [22m [36m21.81 kB[39m[2m | [22m
[32mchunk-3AY4W6ZE.js[39m  [2m | [22m[2mcart-component[22m               [2m | [22m [36m21.62 kB[39m[2m | [22m
[32mchunk-TOLX7JMN.js[39m  [2m | [22m[2m-[22m                            [2m | [22m [36m20.03 kB[39m[2m | [22m
[32mchunk-HZDPVOVY.js[39m  [2m | [22m[2m-[22m                            [2m | [22m [36m19.18 kB[39m[2m | [22m
[2m...and 32 more lazy chunks files. Use "--verbose" to show all the files.[22m

Application bundle generation complete. [2.971 seconds] - 2026-06-16T03:46:42.855Z

[33m❯[39m Changes detected. Rebuilding...
[32m✔[39m Changes detected. Rebuilding...
Application bundle generation failed. [3.902 seconds] - 2026-06-16T03:53:40.901Z

[1m[31m[31mX [41;31m[[41;97mERROR[41;31m][0m [1mTS2353: Object literal may only specify known properties, and 'Origin' does not exist in type '{ origin_code: string; desti_code: string; berat_pake: number; volume: string; ekspedisi: string; }'.[0m [1m[35m[plugin angular-compiler][0m

    src/app/features/checkout/checkout.component.ts:243:6:
[37m      243 │       [32mOrigin[37m: '151', // Jakarta Barat default
          ╵       [32m~~~~~~[0m

[39m[22m
[33m❯[39m Changes detected. Rebuilding...
[32m✔[39m Changes detected. Rebuilding...
[1mInitial chunk files[22m[2m | [22m[1mNames[22m                        [2m | [22m [1mRaw size[22m
[32mstyles.css[39m         [2m | [22m[2mstyles[22m                       [2m | [22m[36m211.87 kB[39m[2m | [22m
[32mchunk-QDD42SMS.js[39m  [2m | [22m[2m-[22m                            [2m | [22m  [36m9.78 kB[39m[2m | [22m
[32mmain.js[39m            [2m | [22m[2mmain[22m                         [2m | [22m  [36m9.32 kB[39m[2m | [22m
[32mchunk-X76KQBPE.js[39m  [2m | [22m[2m-[22m                            [2m | [22m  [36m8.84 kB[39m[2m | [22m
[32mchunk-5MRYYSXK.js[39m  [2m | [22m[2m-[22m                            [2m | [22m  [36m8.46 kB[39m[2m | [22m
[32mchunk-43QSG5IA.js[39m  [2m | [22m[2m-[22m                            [2m | [22m  [36m7.94 kB[39m[2m | [22m
[32mchunk-LUFQSMDN.js[39m  [2m | [22m[2m-[22m                            [2m | [22m  [36m1.49 kB[39m[2m | [22m
[32mchunk-VUJOFXKG.js[39m  [2m | [22m[2m-[22m                            [2m | [22m[36m938 bytes[39m[2m | [22m
[32mchunk-CAJJGEMV.js[39m  [2m | [22m[2m-[22m                            [2m | [22m[36m548 bytes[39m[2m | [22m
[32mchunk-QMV5Q7AQ.js[39m  [2m | [22m[2m-[22m                            [2m | [22m[36m252 bytes[39m[2m | [22m

[1m [22m                  [2m | [22m[1mInitial total[22m                [2m | [22m[1m259.44 kB[22m

[1mLazy chunk files[22m   [2m | [22m[1mNames[22m                        [2m | [22m [1mRaw size[22m
[32mchunk-AWNSU6AQ.js[39m  [2m | [22m[2m-[22m                            [2m | [22m [36m55.24 kB[39m[2m | [22m
[32mchunk-UMCMMCLZ.js[39m  [2m | [22m[2mcheckout-component[22m           [2m | [22m [36m53.32 kB[39m[2m | [22m
[32mchunk-HE22QNHC.js[39m  [2m | [22m[2mproduct-list-component[22m       [2m | [22m [36m39.70 kB[39m[2m | [22m
[32mchunk-D2AHX5MY.js[39m  [2m | [22m[2mdashboard-component[22m          [2m | [22m [36m36.59 kB[39m[2m | [22m
[32mchunk-Q7ITCZ2W.js[39m  [2m | [22m[2madmin-layout-component[22m       [2m | [22m [36m34.85 kB[39m[2m | [22m
[32mchunk-NOWZYTS6.js[39m  [2m | [22m[2mhome-addresses-list-component[22m[2m | [22m [36m34.75 kB[39m[2m | [22m
[32mchunk-SJJ3DKHO.js[39m  [2m | [22m[2mproducts-list-component[22m      [2m | [22m [36m33.82 kB[39m[2m | [22m
[32mchunk-YJTDYXTV.js[39m  [2m | [22m[2mprofile-component[22m            [2m | [22m [36m32.58 kB[39m[2m | [22m
[32mchunk-KYWYPEJL.js[39m  [2m | [22m[2mcustomer-layout-component[22m    [2m | [22m [36m29.36 kB[39m[2m | [22m
[32mchunk-ZFMTWL73.js[39m  [2m | [22m[2mhome-component[22m               [2m | [22m [36m26.55 kB[39m[2m | [22m
[32mchunk-K5JFV3CY.js[39m  [2m | [22m[2mcomplaints-list-component[22m    [2m | [22m [36m25.62 kB[39m[2m | [22m
[32mchunk-KBT6FN5V.js[39m  [2m | [22m[2mcategories-list-component[22m    [2m | [22m [36m21.81 kB[39m[2m | [22m
[32mchunk-3AY4W6ZE.js[39m  [2m | [22m[2mcart-component[22m               [2m | [22m [36m21.62 kB[39m[2m | [22m
[32mchunk-TOLX7JMN.js[39m  [2m | [22m[2m-[22m                            [2m | [22m [36m20.03 kB[39m[2m | [22m
[32mchunk-HZDPVOVY.js[39m  [2m | [22m[2m-[22m                            [2m | [22m [36m19.18 kB[39m[2m | [22m
[2m...and 32 more lazy chunks files. Use "--verbose" to show all the files.[22m

Application bundle generation complete. [5.894 seconds] - 2026-06-16T03:53:47.875Z

Page reload sent to client(s).
[33m❯[39m Changes detected. Rebuilding...
[32m✔[39m Changes detected. Rebuilding...
[1mInitial chunk files[22m[2m | [22m[1mNames[22m                        [2m | [22m[1mRaw size[22m
[32mmain.js[39m            [2m | [22m[2mmain[22m                         [2m | [22m [36m9.32 kB[39m[2m | [22m

[1mLazy chunk files[22m   [2m | [22m[1mNames[22m                        [2m | [22m[1mRaw size[22m
[32mchunk-Z5NH2VLF.js[39m  [2m | [22m[2mcheckout-component[22m           [2m | [22m[36m53.32 kB[39m[2m | [22m
[32mchunk-6RGNDECW.js[39m  [2m | [22m[2mhome-addresses-list-component[22m[2m | [22m[36m34.75 kB[39m[2m | [22m
[32mchunk-IBDHQIV3.js[39m  [2m | [22m[2mprofile-component[22m            [2m | [22m[36m32.58 kB[39m[2m | [22m
[32mchunk-SPTKBVJU.js[39m  [2m | [22m[2m-[22m                            [2m | [22m [36m2.58 kB[39m[2m | [22m

Application bundle generation complete. [2.574 seconds] - 2026-06-16T03:56:30.854Z

Page reload sent to client(s).
[33m❯[39m Changes detected. Rebuilding...
[32m✔[39m Changes detected. Rebuilding...
[1mInitial chunk files[22m[2m | [22m[1mNames[22m             [2m | [22m[1mRaw size[22m
[32mmain.js[39m            [2m | [22m[2mmain[22m              [2m | [22m [36m9.32 kB[39m[2m | [22m

[1mLazy chunk files[22m   [2m | [22m[1mNames[22m             [2m | [22m[1mRaw size[22m
[32mchunk-2QO6V4F4.js[39m  [2m | [22m[2mcheckout-component[22m[2m | [22m[36m53.34 kB[39m[2m | [22m

Application bundle generation complete. [3.337 seconds] - 2026-06-16T04:03:37.753Z

Page reload sent to client(s).
[33m❯[39m Changes detected. Rebuilding...
[32m✔[39m Changes detected. Rebuilding...
Application bundle generation failed. [3.496 seconds] - 2026-06-16T04:04:32.849Z

[1m[31m[31mX [41;31m[[41;97mERROR[41;31m][0m [1mTS2561: Object literal may only specify known properties, but 'berat_paket' does not exist in type '{ origin_code: string; desti_code: string; berat_pake: number; volume: string; ekspedisi: string; }'. Did you mean to write 'berat_pake'?[0m [1m[35m[plugin angular-compiler][0m

    src/app/features/checkout/checkout.component.ts:245:6:
[37m      245 │       [32mberat_paket[37m: totalWeight / 1000,
          ╵       [32m~~~~~~~~~~~[0m

[39m[22m
[33m❯[39m Changes detected. Rebuilding...
[32m✔[39m Changes detected. Rebuilding...
[1mInitial chunk files[22m[2m | [22m[1mNames[22m                        [2m | [22m [1mRaw size[22m
[32mstyles.css[39m         [2m | [22m[2mstyles[22m                       [2m | [22m[36m211.87 kB[39m[2m | [22m
[32mchunk-QDD42SMS.js[39m  [2m | [22m[2m-[22m                            [2m | [22m  [36m9.78 kB[39m[2m | [22m
[32mmain.js[39m            [2m | [22m[2mmain[22m                         [2m | [22m  [36m9.32 kB[39m[2m | [22m
[32mchunk-X76KQBPE.js[39m  [2m | [22m[2m-[22m                            [2m | [22m  [36m8.84 kB[39m[2m | [22m
[32mchunk-5MRYYSXK.js[39m  [2m | [22m[2m-[22m                            [2m | [22m  [36m8.46 kB[39m[2m | [22m
[32mchunk-43QSG5IA.js[39m  [2m | [22m[2m-[22m                            [2m | [22m  [36m7.94 kB[39m[2m | [22m
[32mchunk-LUFQSMDN.js[39m  [2m | [22m[2m-[22m                            [2m | [22m  [36m1.49 kB[39m[2m | [22m
[32mchunk-VUJOFXKG.js[39m  [2m | [22m[2m-[22m                            [2m | [22m[36m938 bytes[39m[2m | [22m
[32mchunk-CAJJGEMV.js[39m  [2m | [22m[2m-[22m                            [2m | [22m[36m548 bytes[39m[2m | [22m
[32mchunk-QMV5Q7AQ.js[39m  [2m | [22m[2m-[22m                            [2m | [22m[36m252 bytes[39m[2m | [22m

[1m [22m                  [2m | [22m[1mInitial total[22m                [2m | [22m[1m259.44 kB[22m

[1mLazy chunk files[22m   [2m | [22m[1mNames[22m                        [2m | [22m [1mRaw size[22m
[32mchunk-AWNSU6AQ.js[39m  [2m | [22m[2m-[22m                            [2m | [22m [36m55.24 kB[39m[2m | [22m
[32mchunk-67G2Q62U.js[39m  [2m | [22m[2mcheckout-component[22m           [2m | [22m [36m53.34 kB[39m[2m | [22m
[32mchunk-HE22QNHC.js[39m  [2m | [22m[2mproduct-list-component[22m       [2m | [22m [36m39.70 kB[39m[2m | [22m
[32mchunk-D2AHX5MY.js[39m  [2m | [22m[2mdashboard-component[22m          [2m | [22m [36m36.59 kB[39m[2m | [22m
[32mchunk-Q7ITCZ2W.js[39m  [2m | [22m[2madmin-layout-component[22m       [2m | [22m [36m34.85 kB[39m[2m | [22m
[32mchunk-UOLLBD72.js[39m  [2m | [22m[2mhome-addresses-list-component[22m[2m | [22m [36m34.75 kB[39m[2m | [22m
[32mchunk-SJJ3DKHO.js[39m  [2m | [22m[2mproducts-list-component[22m      [2m | [22m [36m33.82 kB[39m[2m | [22m
[32mchunk-POTGXGSX.js[39m  [2m | [22m[2mprofile-component[22m            [2m | [22m [36m32.58 kB[39m[2m | [22m
[32mchunk-KYWYPEJL.js[39m  [2m | [22m[2mcustomer-layout-component[22m    [2m | [22m [36m29.36 kB[39m[2m | [22m
[32mchunk-ZFMTWL73.js[39m  [2m | [22m[2mhome-component[22m               [2m | [22m [36m26.55 kB[39m[2m | [22m
[32mchunk-K5JFV3CY.js[39m  [2m | [22m[2mcomplaints-list-component[22m    [2m | [22m [36m25.62 kB[39m[2m | [22m
[32mchunk-KBT6FN5V.js[39m  [2m | [22m[2mcategories-list-component[22m    [2m | [22m [36m21.81 kB[39m[2m | [22m
[32mchunk-3AY4W6ZE.js[39m  [2m | [22m[2mcart-component[22m               [2m | [22m [36m21.62 kB[39m[2m | [22m
[32mchunk-TOLX7JMN.js[39m  [2m | [22m[2m-[22m                            [2m | [22m [36m20.03 kB[39m[2m | [22m
[32mchunk-HZDPVOVY.js[39m  [2m | [22m[2m-[22m                            [2m | [22m [36m19.18 kB[39m[2m | [22m
[2m...and 32 more lazy chunks files. Use "--verbose" to show all the files.[22m

Application bundle generation complete. [5.378 seconds] - 2026-06-16T04:05:26.741Z

Page reload sent to client(s).
[33m❯[39m Changes detected. Rebuilding...
[32m✔[39m Changes detected. Rebuilding...
[1mInitial chunk files[22m[2m | [22m[1mNames[22m                        [2m | [22m [1mRaw size[22m
[32mstyles.css[39m         [2m | [22m[2mstyles[22m                       [2m | [22m[36m211.87 kB[39m[2m | [22m
[32mchunk-QDD42SMS.js[39m  [2m | [22m[2m-[22m                            [2m | [22m  [36m9.78 kB[39m[2m | [22m
[32mmain.js[39m            [2m | [22m[2mmain[22m                         [2m | [22m  [36m9.32 kB[39m[2m | [22m
[32mchunk-X76KQBPE.js[39m  [2m | [22m[2m-[22m                            [2m | [22m  [36m8.84 kB[39m[2m | [22m
[32mchunk-5MRYYSXK.js[39m  [2m | [22m[2m-[22m                            [2m | [22m  [36m8.46 kB[39m[2m | [22m
[32mchunk-43QSG5IA.js[39m  [2m | [22m[2m-[22m                            [2m | [22m  [36m7.94 kB[39m[2m | [22m
[32mchunk-LUFQSMDN.js[39m  [2m | [22m[2m-[22m                            [2m | [22m  [36m1.49 kB[39m[2m | [22m
[32mchunk-VUJOFXKG.js[39m  [2m | [22m[2m-[22m                            [2m | [22m[36m938 bytes[39m[2m | [22m
[32mchunk-CAJJGEMV.js[39m  [2m | [22m[2m-[22m                            [2m | [22m[36m548 bytes[39m[2m | [22m
[32mchunk-QMV5Q7AQ.js[39m  [2m | [22m[2m-[22m                            [2m | [22m[36m252 bytes[39m[2m | [22m

[1m [22m                  [2m | [22m[1mInitial total[22m                [2m | [22m[1m259.44 kB[22m

[1mLazy chunk files[22m   [2m | [22m[1mNames[22m                        [2m | [22m [1mRaw size[22m
[32mchunk-AWNSU6AQ.js[39m  [2m | [22m[2m-[22m                            [2m | [22m [36m55.24 kB[39m[2m | [22m
[32mchunk-67G2Q62U.js[39m  [2m | [22m[2mcheckout-component[22m           [2m | [22m [36m53.34 kB[39m[2m | [22m
[32mchunk-HE22QNHC.js[39m  [2m | [22m[2mproduct-list-component[22m       [2m | [22m [36m39.70 kB[39m[2m | [22m
[32mchunk-D2AHX5MY.js[39m  [2m | [22m[2mdashboard-component[22m          [2m | [22m [36m36.59 kB[39m[2m | [22m
[32mchunk-Q7ITCZ2W.js[39m  [2m | [22m[2madmin-layout-component[22m       [2m | [22m [36m34.85 kB[39m[2m | [22m
[32mchunk-UOLLBD72.js[39m  [2m | [22m[2mhome-addresses-list-component[22m[2m | [22m [36m34.75 kB[39m[2m | [22m
[32mchunk-SJJ3DKHO.js[39m  [2m | [22m[2mproducts-list-component[22m      [2m | [22m [36m33.82 kB[39m[2m | [22m
[32mchunk-POTGXGSX.js[39m  [2m | [22m[2mprofile-component[22m            [2m | [22m [36m32.58 kB[39m[2m | [22m
[32mchunk-KYWYPEJL.js[39m  [2m | [22m[2mcustomer-layout-component[22m    [2m | [22m [36m29.36 kB[39m[2m | [22m
[32mchunk-ZFMTWL73.js[39m  [2m | [22m[2mhome-component[22m               [2m | [22m [36m26.55 kB[39m[2m | [22m
[32mchunk-K5JFV3CY.js[39m  [2m | [22m[2mcomplaints-list-component[22m    [2m | [22m [36m25.62 kB[39m[2m | [22m
[32mchunk-KBT6FN5V.js[39m  [2m | [22m[2mcategories-list-component[22m    [2m | [22m [36m21.81 kB[39m[2m | [22m
[32mchunk-3AY4W6ZE.js[39m  [2m | [22m[2mcart-component[22m               [2m | [22m [36m21.62 kB[39m[2m | [22m
[32mchunk-TOLX7JMN.js[39m  [2m | [22m[2m-[22m                            [2m | [22m [36m20.03 kB[39m[2m | [22m
[32mchunk-HZDPVOVY.js[39m  [2m | [22m[2m-[22m                            [2m | [22m [36m19.18 kB[39m[2m | [22m
[2m...and 32 more lazy chunks files. Use "--verbose" to show all the files.[22m

Application bundle generation complete. [3.483 seconds] - 2026-06-16T04:05:30.236Z

[33m❯[39m Changes detected. Rebuilding...
[32m✔[39m Changes detected. Rebuilding...
[1mInitial chunk files[22m[2m | [22m[1mNames[22m             [2m | [22m[1mRaw size[22m
[32mmain.js[39m            [2m | [22m[2mmain[22m              [2m | [22m [36m9.32 kB[39m[2m | [22m

[1mLazy chunk files[22m   [2m | [22m[1mNames[22m             [2m | [22m[1mRaw size[22m
[32mchunk-7OUSV5NL.js[39m  [2m | [22m[2mcheckout-component[22m[2m | [22m[36m53.36 kB[39m[2m | [22m

Application bundle generation complete. [3.607 seconds] - 2026-06-16T04:09:39.861Z

Page reload sent to client(s).
[33m❯[39m Changes detected. Rebuilding...
[32m✔[39m Changes detected. Rebuilding...
Application bundle generation failed. [3.403 seconds] - 2026-06-16T04:10:51.142Z

[1m[31m[31mX [41;31m[[41;97mERROR[41;31m][0m [1mTS2322: Type 'string' is not assignable to type 'number'.[0m [1m[35m[plugin angular-compiler][0m

    src/app/features/checkout/checkout.component.ts:246:6:
[37m      246 │       [32mberat_paket[37m: "1",
          ╵       [32m~~~~~~~~~~~[0m

  The expected type comes from property 'berat_paket' which is declared here on type '{ origin_code: string; desti_code: string; berat_paket: number; volume: string; ekspedisi: string; }'

    src/app/core/services/address-api.service.ts:59:76:
[37m      59 │ ...ring; desti_code: string; [32mberat_paket[37m: number; volume: string; ...
         ╵                              [32m~~~~~~~~~~~[0m

[39m[22m
[33m❯[39m Changes detected. Rebuilding...
[32m✔[39m Changes detected. Rebuilding...
[1mInitial chunk files[22m[2m | [22m[1mNames[22m                        [2m | [22m [1mRaw size[22m
[32mstyles.css[39m         [2m | [22m[2mstyles[22m                       [2m | [22m[36m211.87 kB[39m[2m | [22m
[32mchunk-QDD42SMS.js[39m  [2m | [22m[2m-[22m                            [2m | [22m  [36m9.78 kB[39m[2m | [22m
[32mmain.js[39m            [2m | [22m[2mmain[22m                         [2m | [22m  [36m9.32 kB[39m[2m | [22m
[32mchunk-X76KQBPE.js[39m  [2m | [22m[2m-[22m                            [2m | [22m  [36m8.84 kB[39m[2m | [22m
[32mchunk-5MRYYSXK.js[39m  [2m | [22m[2m-[22m                            [2m | [22m  [36m8.46 kB[39m[2m | [22m
[32mchunk-43QSG5IA.js[39m  [2m | [22m[2m-[22m                            [2m | [22m  [36m7.94 kB[39m[2m | [22m
[32mchunk-LUFQSMDN.js[39m  [2m | [22m[2m-[22m                            [2m | [22m  [36m1.49 kB[39m[2m | [22m
[32mchunk-VUJOFXKG.js[39m  [2m | [22m[2m-[22m                            [2m | [22m[36m938 bytes[39m[2m | [22m
[32mchunk-CAJJGEMV.js[39m  [2m | [22m[2m-[22m                            [2m | [22m[36m548 bytes[39m[2m | [22m
[32mchunk-QMV5Q7AQ.js[39m  [2m | [22m[2m-[22m                            [2m | [22m[36m252 bytes[39m[2m | [22m

[1m [22m                  [2m | [22m[1mInitial total[22m                [2m | [22m[1m259.44 kB[22m

[1mLazy chunk files[22m   [2m | [22m[1mNames[22m                        [2m | [22m [1mRaw size[22m
[32mchunk-AWNSU6AQ.js[39m  [2m | [22m[2m-[22m                            [2m | [22m [36m55.24 kB[39m[2m | [22m
[32mchunk-SXZZCWYG.js[39m  [2m | [22m[2mcheckout-component[22m           [2m | [22m [36m53.36 kB[39m[2m | [22m
[32mchunk-HE22QNHC.js[39m  [2m | [22m[2mproduct-list-component[22m       [2m | [22m [36m39.70 kB[39m[2m | [22m
[32mchunk-D2AHX5MY.js[39m  [2m | [22m[2mdashboard-component[22m          [2m | [22m [36m36.59 kB[39m[2m | [22m
[32mchunk-Q7ITCZ2W.js[39m  [2m | [22m[2madmin-layout-component[22m       [2m | [22m [36m34.85 kB[39m[2m | [22m
[32mchunk-FZH2MNMY.js[39m  [2m | [22m[2mhome-addresses-list-component[22m[2m | [22m [36m34.75 kB[39m[2m | [22m
[32mchunk-SJJ3DKHO.js[39m  [2m | [22m[2mproducts-list-component[22m      [2m | [22m [36m33.82 kB[39m[2m | [22m
[32mchunk-SHRL3OPK.js[39m  [2m | [22m[2mprofile-component[22m            [2m | [22m [36m32.58 kB[39m[2m | [22m
[32mchunk-KYWYPEJL.js[39m  [2m | [22m[2mcustomer-layout-component[22m    [2m | [22m [36m29.36 kB[39m[2m | [22m
[32mchunk-ZFMTWL73.js[39m  [2m | [22m[2mhome-component[22m               [2m | [22m [36m26.55 kB[39m[2m | [22m
[32mchunk-K5JFV3CY.js[39m  [2m | [22m[2mcomplaints-list-component[22m    [2m | [22m [36m25.62 kB[39m[2m | [22m
[32mchunk-KBT6FN5V.js[39m  [2m | [22m[2mcategories-list-component[22m    [2m | [22m [36m21.81 kB[39m[2m | [22m
[32mchunk-3AY4W6ZE.js[39m  [2m | [22m[2mcart-component[22m               [2m | [22m [36m21.62 kB[39m[2m | [22m
[32mchunk-TOLX7JMN.js[39m  [2m | [22m[2m-[22m                            [2m | [22m [36m20.03 kB[39m[2m | [22m
[32mchunk-HZDPVOVY.js[39m  [2m | [22m[2m-[22m                            [2m | [22m [36m19.18 kB[39m[2m | [22m
[2m...and 32 more lazy chunks files. Use "--verbose" to show all the files.[22m

Application bundle generation complete. [3.060 seconds] - 2026-06-16T04:10:59.970Z

Page reload sent to client(s).
[33m❯[39m Changes detected. Rebuilding...
[32m✔[39m Changes detected. Rebuilding...
[1mInitial chunk files[22m[2m | [22m[1mNames[22m             [2m | [22m[1mRaw size[22m
[32mmain.js[39m            [2m | [22m[2mmain[22m              [2m | [22m [36m9.32 kB[39m[2m | [22m

[1mLazy chunk files[22m   [2m | [22m[1mNames[22m             [2m | [22m[1mRaw size[22m
[32mchunk-KHDTNTYC.js[39m  [2m | [22m[2mcheckout-component[22m[2m | [22m[36m53.37 kB[39m[2m | [22m

Application bundle generation complete. [7.500 seconds] - 2026-06-16T04:11:56.862Z

Page reload sent to client(s).
[33m❯[39m Changes detected. Rebuilding...
[32m✔[39m Changes detected. Rebuilding...
[1mInitial chunk files[22m[2m | [22m[1mNames[22m                        [2m | [22m [1mRaw size[22m
[32mstyles.css[39m         [2m | [22m[2mstyles[22m                       [2m | [22m[36m211.87 kB[39m[2m | [22m
[32mchunk-QDD42SMS.js[39m  [2m | [22m[2m-[22m                            [2m | [22m  [36m9.78 kB[39m[2m | [22m
[32mmain.js[39m            [2m | [22m[2mmain[22m                         [2m | [22m  [36m9.32 kB[39m[2m | [22m
[32mchunk-X76KQBPE.js[39m  [2m | [22m[2m-[22m                            [2m | [22m  [36m8.84 kB[39m[2m | [22m
[32mchunk-5MRYYSXK.js[39m  [2m | [22m[2m-[22m                            [2m | [22m  [36m8.46 kB[39m[2m | [22m
[32mchunk-43QSG5IA.js[39m  [2m | [22m[2m-[22m                            [2m | [22m  [36m7.94 kB[39m[2m | [22m
[32mchunk-LUFQSMDN.js[39m  [2m | [22m[2m-[22m                            [2m | [22m  [36m1.49 kB[39m[2m | [22m
[32mchunk-VUJOFXKG.js[39m  [2m | [22m[2m-[22m                            [2m | [22m[36m938 bytes[39m[2m | [22m
[32mchunk-CAJJGEMV.js[39m  [2m | [22m[2m-[22m                            [2m | [22m[36m548 bytes[39m[2m | [22m
[32mchunk-QMV5Q7AQ.js[39m  [2m | [22m[2m-[22m                            [2m | [22m[36m252 bytes[39m[2m | [22m

[1m [22m                  [2m | [22m[1mInitial total[22m                [2m | [22m[1m259.44 kB[22m

[1mLazy chunk files[22m   [2m | [22m[1mNames[22m                        [2m | [22m [1mRaw size[22m
[32mchunk-AWNSU6AQ.js[39m  [2m | [22m[2m-[22m                            [2m | [22m [36m55.24 kB[39m[2m | [22m
[32mchunk-KHDTNTYC.js[39m  [2m | [22m[2mcheckout-component[22m           [2m | [22m [36m53.37 kB[39m[2m | [22m
[32mchunk-HE22QNHC.js[39m  [2m | [22m[2mproduct-list-component[22m       [2m | [22m [36m39.70 kB[39m[2m | [22m
[32mchunk-D2AHX5MY.js[39m  [2m | [22m[2mdashboard-component[22m          [2m | [22m [36m36.59 kB[39m[2m | [22m
[32mchunk-Q7ITCZ2W.js[39m  [2m | [22m[2madmin-layout-component[22m       [2m | [22m [36m34.85 kB[39m[2m | [22m
[32mchunk-FZH2MNMY.js[39m  [2m | [22m[2mhome-addresses-list-component[22m[2m | [22m [36m34.75 kB[39m[2m | [22m
[32mchunk-SJJ3DKHO.js[39m  [2m | [22m[2mproducts-list-component[22m      [2m | [22m [36m33.82 kB[39m[2m | [22m
[32mchunk-SHRL3OPK.js[39m  [2m | [22m[2mprofile-component[22m            [2m | [22m [36m32.58 kB[39m[2m | [22m
[32mchunk-KYWYPEJL.js[39m  [2m | [22m[2mcustomer-layout-component[22m    [2m | [22m [36m29.36 kB[39m[2m | [22m
[32mchunk-ZFMTWL73.js[39m  [2m | [22m[2mhome-component[22m               [2m | [22m [36m26.55 kB[39m[2m | [22m
[32mchunk-K5JFV3CY.js[39m  [2m | [22m[2mcomplaints-list-component[22m    [2m | [22m [36m25.62 kB[39m[2m | [22m
[32mchunk-KBT6FN5V.js[39m  [2m | [22m[2mcategories-list-component[22m    [2m | [22m [36m21.81 kB[39m[2m | [22m
[32mchunk-3AY4W6ZE.js[39m  [2m | [22m[2mcart-component[22m               [2m | [22m [36m21.62 kB[39m[2m | [22m
[32mchunk-TOLX7JMN.js[39m  [2m | [22m[2m-[22m                            [2m | [22m [36m20.03 kB[39m[2m | [22m
[32mchunk-HZDPVOVY.js[39m  [2m | [22m[2m-[22m                            [2m | [22m [36m19.18 kB[39m[2m | [22m
[2m...and 32 more lazy chunks files. Use "--verbose" to show all the files.[22m

Application bundle generation complete. [6.299 seconds] - 2026-06-16T04:12:03.166Z

[33m❯[39m Changes detected. Rebuilding...
[32m✔[39m Changes detected. Rebuilding...
[1mInitial chunk files[22m[2m | [22m[1mNames[22m                        [2m | [22m [1mRaw size[22m
[32mchunk-SAPCXOYI.js[39m  [2m | [22m[2m-[22m                            [2m | [22m  [36m9.78 kB[39m[2m | [22m
[32mmain.js[39m            [2m | [22m[2mmain[22m                         [2m | [22m  [36m9.32 kB[39m[2m | [22m
[32mchunk-KA2HO6I3.js[39m  [2m | [22m[2m-[22m                            [2m | [22m  [36m8.84 kB[39m[2m | [22m
[32mchunk-D2OLMNB3.js[39m  [2m | [22m[2m-[22m                            [2m | [22m  [36m8.46 kB[39m[2m | [22m
[32mchunk-7OAI4INT.js[39m  [2m | [22m[2m-[22m                            [2m | [22m  [36m7.94 kB[39m[2m | [22m
[32mchunk-4SRNQ3L4.js[39m  [2m | [22m[2m-[22m                            [2m | [22m[36m299 bytes[39m[2m | [22m

[1mLazy chunk files[22m   [2m | [22m[1mNames[22m                        [2m | [22m [1mRaw size[22m
[32mchunk-7EG6SSON.js[39m  [2m | [22m[2m-[22m                            [2m | [22m [36m55.24 kB[39m[2m | [22m
[32mchunk-2L7VSYT7.js[39m  [2m | [22m[2mcheckout-component[22m           [2m | [22m [36m53.37 kB[39m[2m | [22m
[32mchunk-FXS44YL6.js[39m  [2m | [22m[2mproduct-list-component[22m       [2m | [22m [36m39.70 kB[39m[2m | [22m
[32mchunk-LRUIYUKG.js[39m  [2m | [22m[2mdashboard-component[22m          [2m | [22m [36m36.59 kB[39m[2m | [22m
[32mchunk-PLXDUIOP.js[39m  [2m | [22m[2madmin-layout-component[22m       [2m | [22m [36m34.85 kB[39m[2m | [22m
[32mchunk-UPZVC452.js[39m  [2m | [22m[2mhome-addresses-list-component[22m[2m | [22m [36m34.75 kB[39m[2m | [22m
[32mchunk-BTDOPXCJ.js[39m  [2m | [22m[2mproducts-list-component[22m      [2m | [22m [36m33.82 kB[39m[2m | [22m
[32mchunk-MHGG4YI4.js[39m  [2m | [22m[2mprofile-component[22m            [2m | [22m [36m32.58 kB[39m[2m | [22m
[32mchunk-Y3RGHOHN.js[39m  [2m | [22m[2mcustomer-layout-component[22m    [2m | [22m [36m29.36 kB[39m[2m | [22m
[32mchunk-FIIW6VZ7.js[39m  [2m | [22m[2mhome-component[22m               [2m | [22m [36m26.55 kB[39m[2m | [22m
[32mchunk-TCVL4GJ5.js[39m  [2m | [22m[2mcomplaints-list-component[22m    [2m | [22m [36m25.62 kB[39m[2m | [22m
[32mchunk-MQE4KXHB.js[39m  [2m | [22m[2mcategories-list-component[22m    [2m | [22m [36m21.81 kB[39m[2m | [22m
[32mchunk-RKCERXHQ.js[39m  [2m | [22m[2mcart-component[22m               [2m | [22m [36m21.62 kB[39m[2m | [22m
[32mchunk-76G5GFAY.js[39m  [2m | [22m[2m-[22m                            [2m | [22m [36m19.18 kB[39m[2m | [22m
[32mchunk-TJGTZHGI.js[39m  [2m | [22m[2mlogin-component[22m              [2m | [22m [36m18.07 kB[39m[2m | [22m
[2m...and 15 more lazy chunks files. Use "--verbose" to show all the files.[22m

Application bundle generation complete. [3.460 seconds] - 2026-06-16T04:50:17.241Z

Page reload sent to client(s).
[33m❯[39m Changes detected. Rebuilding...
[32m✔[39m Changes detected. Rebuilding...
[1mInitial chunk files[22m[2m | [22m[1mNames[22m                        [2m | [22m [1mRaw size[22m
[32mstyles.css[39m         [2m | [22m[2mstyles[22m                       [2m | [22m[36m211.87 kB[39m[2m | [22m
[32mchunk-SAPCXOYI.js[39m  [2m | [22m[2m-[22m                            [2m | [22m  [36m9.78 kB[39m[2m | [22m
[32mmain.js[39m            [2m | [22m[2mmain[22m                         [2m | [22m  [36m9.32 kB[39m[2m | [22m
[32mchunk-KA2HO6I3.js[39m  [2m | [22m[2m-[22m                            [2m | [22m  [36m8.84 kB[39m[2m | [22m
[32mchunk-D2OLMNB3.js[39m  [2m | [22m[2m-[22m                            [2m | [22m  [36m8.46 kB[39m[2m | [22m
[32mchunk-7OAI4INT.js[39m  [2m | [22m[2m-[22m                            [2m | [22m  [36m7.94 kB[39m[2m | [22m
[32mchunk-LUFQSMDN.js[39m  [2m | [22m[2m-[22m                            [2m | [22m  [36m1.49 kB[39m[2m | [22m
[32mchunk-VUJOFXKG.js[39m  [2m | [22m[2m-[22m                            [2m | [22m[36m938 bytes[39m[2m | [22m
[32mchunk-CAJJGEMV.js[39m  [2m | [22m[2m-[22m                            [2m | [22m[36m548 bytes[39m[2m | [22m
[32mchunk-4SRNQ3L4.js[39m  [2m | [22m[2m-[22m                            [2m | [22m[36m299 bytes[39m[2m | [22m

[1m [22m                  [2m | [22m[1mInitial total[22m                [2m | [22m[1m259.49 kB[22m

[1mLazy chunk files[22m   [2m | [22m[1mNames[22m                        [2m | [22m [1mRaw size[22m
[32mchunk-7EG6SSON.js[39m  [2m | [22m[2m-[22m                            [2m | [22m [36m55.24 kB[39m[2m | [22m
[32mchunk-2L7VSYT7.js[39m  [2m | [22m[2mcheckout-component[22m           [2m | [22m [36m53.37 kB[39m[2m | [22m
[32mchunk-FXS44YL6.js[39m  [2m | [22m[2mproduct-list-component[22m       [2m | [22m [36m39.70 kB[39m[2m | [22m
[32mchunk-LRUIYUKG.js[39m  [2m | [22m[2mdashboard-component[22m          [2m | [22m [36m36.59 kB[39m[2m | [22m
[32mchunk-PLXDUIOP.js[39m  [2m | [22m[2madmin-layout-component[22m       [2m | [22m [36m34.85 kB[39m[2m | [22m
[32mchunk-UPZVC452.js[39m  [2m | [22m[2mhome-addresses-list-component[22m[2m | [22m [36m34.75 kB[39m[2m | [22m
[32mchunk-BTDOPXCJ.js[39m  [2m | [22m[2mproducts-list-component[22m      [2m | [22m [36m33.82 kB[39m[2m | [22m
[32mchunk-MHGG4YI4.js[39m  [2m | [22m[2mprofile-component[22m            [2m | [22m [36m32.58 kB[39m[2m | [22m
[32mchunk-Y3RGHOHN.js[39m  [2m | [22m[2mcustomer-layout-component[22m    [2m | [22m [36m29.36 kB[39m[2m | [22m
[32mchunk-FIIW6VZ7.js[39m  [2m | [22m[2mhome-component[22m               [2m | [22m [36m26.55 kB[39m[2m | [22m
[32mchunk-TCVL4GJ5.js[39m  [2m | [22m[2mcomplaints-list-component[22m    [2m | [22m [36m25.62 kB[39m[2m | [22m
[32mchunk-MQE4KXHB.js[39m  [2m | [22m[2mcategories-list-component[22m    [2m | [22m [36m21.81 kB[39m[2m | [22m
[32mchunk-RKCERXHQ.js[39m  [2m | [22m[2mcart-component[22m               [2m | [22m [36m21.62 kB[39m[2m | [22m
[32mchunk-TOLX7JMN.js[39m  [2m | [22m[2m-[22m                            [2m | [22m [36m20.03 kB[39m[2m | [22m
[32mchunk-76G5GFAY.js[39m  [2m | [22m[2m-[22m                            [2m | [22m [36m19.18 kB[39m[2m | [22m
[2m...and 32 more lazy chunks files. Use "--verbose" to show all the files.[22m

Application bundle generation complete. [2.556 seconds] - 2026-06-16T04:50:25.770Z

[33m❯[39m Changes detected. Rebuilding...
[32m✔[39m Changes detected. Rebuilding...

No output file changes.

Application bundle generation complete. [0.929 seconds] - 2026-06-16T04:50:38.690Z

Page reload sent to client(s).
[33m❯[39m Changes detected. Rebuilding...
[32m✔[39m Changes detected. Rebuilding...
[1mInitial chunk files[22m[2m | [22m[1mNames[22m                        [2m | [22m [1mRaw size[22m
[32mstyles.css[39m         [2m | [22m[2mstyles[22m                       [2m | [22m[36m211.87 kB[39m[2m | [22m
[32mchunk-SAPCXOYI.js[39m  [2m | [22m[2m-[22m                            [2m | [22m  [36m9.78 kB[39m[2m | [22m
[32mmain.js[39m            [2m | [22m[2mmain[22m                         [2m | [22m  [36m9.32 kB[39m[2m | [22m
[32mchunk-KA2HO6I3.js[39m  [2m | [22m[2m-[22m                            [2m | [22m  [36m8.84 kB[39m[2m | [22m
[32mchunk-D2OLMNB3.js[39m  [2m | [22m[2m-[22m                            [2m | [22m  [36m8.46 kB[39m[2m | [22m
[32mchunk-7OAI4INT.js[39m  [2m | [22m[2m-[22m                            [2m | [22m  [36m7.94 kB[39m[2m | [22m
[32mchunk-LUFQSMDN.js[39m  [2m | [22m[2m-[22m                            [2m | [22m  [36m1.49 kB[39m[2m | [22m
[32mchunk-VUJOFXKG.js[39m  [2m | [22m[2m-[22m                            [2m | [22m[36m938 bytes[39m[2m | [22m
[32mchunk-CAJJGEMV.js[39m  [2m | [22m[2m-[22m                            [2m | [22m[36m548 bytes[39m[2m | [22m
[32mchunk-4SRNQ3L4.js[39m  [2m | [22m[2m-[22m                            [2m | [22m[36m299 bytes[39m[2m | [22m

[1m [22m                  [2m | [22m[1mInitial total[22m                [2m | [22m[1m259.49 kB[22m

[1mLazy chunk files[22m   [2m | [22m[1mNames[22m                        [2m | [22m [1mRaw size[22m
[32mchunk-7EG6SSON.js[39m  [2m | [22m[2m-[22m                            [2m | [22m [36m55.24 kB[39m[2m | [22m
[32mchunk-2L7VSYT7.js[39m  [2m | [22m[2mcheckout-component[22m           [2m | [22m [36m53.37 kB[39m[2m | [22m
[32mchunk-FXS44YL6.js[39m  [2m | [22m[2mproduct-list-component[22m       [2m | [22m [36m39.70 kB[39m[2m | [22m
[32mchunk-LRUIYUKG.js[39m  [2m | [22m[2mdashboard-component[22m          [2m | [22m [36m36.59 kB[39m[2m | [22m
[32mchunk-PLXDUIOP.js[39m  [2m | [22m[2madmin-layout-component[22m       [2m | [22m [36m34.85 kB[39m[2m | [22m
[32mchunk-UPZVC452.js[39m  [2m | [22m[2mhome-addresses-list-component[22m[2m | [22m [36m34.75 kB[39m[2m | [22m
[32mchunk-BTDOPXCJ.js[39m  [2m | [22m[2mproducts-list-component[22m      [2m | [22m [36m33.82 kB[39m[2m | [22m
[32mchunk-MHGG4YI4.js[39m  [2m | [22m[2mprofile-component[22m            [2m | [22m [36m32.58 kB[39m[2m | [22m
[32mchunk-Y3RGHOHN.js[39m  [2m | [22m[2mcustomer-layout-component[22m    [2m | [22m [36m29.36 kB[39m[2m | [22m
[32mchunk-FIIW6VZ7.js[39m  [2m | [22m[2mhome-component[22m               [2m | [22m [36m26.55 kB[39m[2m | [22m
[32mchunk-TCVL4GJ5.js[39m  [2m | [22m[2mcomplaints-list-component[22m    [2m | [22m [36m25.62 kB[39m[2m | [22m
[32mchunk-MQE4KXHB.js[39m  [2m | [22m[2mcategories-list-component[22m    [2m | [22m [36m21.81 kB[39m[2m | [22m
[32mchunk-RKCERXHQ.js[39m  [2m | [22m[2mcart-component[22m               [2m | [22m [36m21.62 kB[39m[2m | [22m
[32mchunk-TOLX7JMN.js[39m  [2m | [22m[2m-[22m                            [2m | [22m [36m20.03 kB[39m[2m | [22m
[32mchunk-76G5GFAY.js[39m  [2m | [22m[2m-[22m                            [2m | [22m [36m19.18 kB[39m[2m | [22m
[2m...and 32 more lazy chunks files. Use "--verbose" to show all the files.[22m

Application bundle generation complete. [3.566 seconds] - 2026-06-16T04:50:57.255Z

[33m❯[39m Changes detected. Rebuilding...
[32m✔[39m Changes detected. Rebuilding...
[1mInitial chunk files[22m[2m | [22m[1mNames[22m             [2m | [22m[1mRaw size[22m
[32mmain.js[39m            [2m | [22m[2mmain[22m              [2m | [22m [36m9.32 kB[39m[2m | [22m

[1mLazy chunk files[22m   [2m | [22m[1mNames[22m             [2m | [22m[1mRaw size[22m
[32mchunk-6GPLUO34.js[39m  [2m | [22m[2mcheckout-component[22m[2m | [22m[36m54.58 kB[39m[2m | [22m

Application bundle generation complete. [2.920 seconds] - 2026-06-16T04:51:31.809Z

Page reload sent to client(s).
[33m❯[39m Changes detected. Rebuilding...
[32m✔[39m Changes detected. Rebuilding...
[1mInitial chunk files[22m[2m | [22m[1mNames[22m             [2m | [22m[1mRaw size[22m
[32mmain.js[39m            [2m | [22m[2mmain[22m              [2m | [22m [36m9.32 kB[39m[2m | [22m

[1mLazy chunk files[22m   [2m | [22m[1mNames[22m             [2m | [22m[1mRaw size[22m
[32mchunk-6J22A6J3.js[39m  [2m | [22m[2mcheckout-component[22m[2m | [22m[36m54.64 kB[39m[2m | [22m

Application bundle generation complete. [2.672 seconds] - 2026-06-16T04:51:34.974Z

Page reload sent to client(s).
[33m❯[39m Changes detected. Rebuilding...
[32m✔[39m Changes detected. Rebuilding...
[1mInitial chunk files[22m[2m | [22m[1mNames[22m             [2m | [22m[1mRaw size[22m
[32mmain.js[39m            [2m | [22m[2mmain[22m              [2m | [22m [36m9.32 kB[39m[2m | [22m

[1mLazy chunk files[22m   [2m | [22m[1mNames[22m             [2m | [22m[1mRaw size[22m
[32mchunk-HNC7BCIO.js[39m  [2m | [22m[2mcheckout-component[22m[2m | [22m[36m55.78 kB[39m[2m | [22m

Application bundle generation complete. [2.860 seconds] - 2026-06-16T04:51:45.721Z

Page reload sent to client(s).
[33m❯[39m Changes detected. Rebuilding...
[32m✔[39m Changes detected. Rebuilding...
[1mInitial chunk files[22m[2m | [22m[1mNames[22m [2m | [22m [1mRaw size[22m
[32mstyles.css[39m         [2m | [22m[2mstyles[22m[2m | [22m[36m212.02 kB[39m[2m | [22m

Application bundle generation complete. [2.179 seconds] - 2026-06-16T04:57:33.555Z

Stylesheet update sent to client(s).
[33m❯[39m Changes detected. Rebuilding...
[32m✔[39m Changes detected. Rebuilding...
[1mInitial chunk files[22m[2m | [22m[1mNames[22m [2m | [22m [1mRaw size[22m
[32mstyles.css[39m         [2m | [22m[2mstyles[22m[2m | [22m[36m212.01 kB[39m[2m | [22m

Application bundle generation complete. [2.412 seconds] - 2026-06-16T05:46:37.742Z

Stylesheet update sent to client(s).
[33m❯[39m Changes detected. Rebuilding...
[32m✔[39m Changes detected. Rebuilding...
[1mInitial chunk files[22m[2m | [22m[1mNames[22m [2m | [22m [1mRaw size[22m
[32mstyles.css[39m         [2m | [22m[2mstyles[22m[2m | [22m[36m212.07 kB[39m[2m | [22m

Application bundle generation complete. [2.387 seconds] - 2026-06-16T05:49:38.262Z

Stylesheet update sent to client(s).
[33m❯[39m Changes detected. Rebuilding...
[32m✔[39m Changes detected. Rebuilding...
[1mInitial chunk files[22m[2m | [22m[1mNames[22m             [2m | [22m[1mRaw size[22m
[32mmain.js[39m            [2m | [22m[2mmain[22m              [2m | [22m [36m9.32 kB[39m[2m | [22m

[1mLazy chunk files[22m   [2m | [22m[1mNames[22m             [2m | [22m[1mRaw size[22m
[32mchunk-CD7SVO5C.js[39m  [2m | [22m[2mcheckout-component[22m[2m | [22m[36m55.68 kB[39m[2m | [22m

Application bundle generation complete. [2.685 seconds] - 2026-06-16T05:51:19.328Z

Component update sent to client(s).
[33m❯[39m Changes detected. Rebuilding...
[32m✔[39m Changes detected. Rebuilding...
[1mInitial chunk files[22m[2m | [22m[1mNames[22m                        [2m | [22m [1mRaw size[22m
[32mstyles.css[39m         [2m | [22m[2mstyles[22m                       [2m | [22m[36m212.07 kB[39m[2m | [22m
[32mchunk-SAPCXOYI.js[39m  [2m | [22m[2m-[22m                            [2m | [22m  [36m9.78 kB[39m[2m | [22m
[32mmain.js[39m            [2m | [22m[2mmain[22m                         [2m | [22m  [36m9.32 kB[39m[2m | [22m
[32mchunk-KA2HO6I3.js[39m  [2m | [22m[2m-[22m                            [2m | [22m  [36m8.84 kB[39m[2m | [22m
[32mchunk-D2OLMNB3.js[39m  [2m | [22m[2m-[22m                            [2m | [22m  [36m8.46 kB[39m[2m | [22m
[32mchunk-7OAI4INT.js[39m  [2m | [22m[2m-[22m                            [2m | [22m  [36m7.94 kB[39m[2m | [22m
[32mchunk-LUFQSMDN.js[39m  [2m | [22m[2m-[22m                            [2m | [22m  [36m1.49 kB[39m[2m | [22m
[32mchunk-VUJOFXKG.js[39m  [2m | [22m[2m-[22m                            [2m | [22m[36m938 bytes[39m[2m | [22m
[32mchunk-CAJJGEMV.js[39m  [2m | [22m[2m-[22m                            [2m | [22m[36m548 bytes[39m[2m | [22m
[32mchunk-4SRNQ3L4.js[39m  [2m | [22m[2m-[22m                            [2m | [22m[36m299 bytes[39m[2m | [22m

[1m [22m                  [2m | [22m[1mInitial total[22m                [2m | [22m[1m259.68 kB[22m

[1mLazy chunk files[22m   [2m | [22m[1mNames[22m                        [2m | [22m [1mRaw size[22m
[32mchunk-CD7SVO5C.js[39m  [2m | [22m[2mcheckout-component[22m           [2m | [22m [36m55.68 kB[39m[2m | [22m
[32mchunk-7EG6SSON.js[39m  [2m | [22m[2m-[22m                            [2m | [22m [36m55.24 kB[39m[2m | [22m
[32mchunk-FXS44YL6.js[39m  [2m | [22m[2mproduct-list-component[22m       [2m | [22m [36m39.70 kB[39m[2m | [22m
[32mchunk-LRUIYUKG.js[39m  [2m | [22m[2mdashboard-component[22m          [2m | [22m [36m36.59 kB[39m[2m | [22m
[32mchunk-PLXDUIOP.js[39m  [2m | [22m[2madmin-layout-component[22m       [2m | [22m [36m34.85 kB[39m[2m | [22m
[32mchunk-UPZVC452.js[39m  [2m | [22m[2mhome-addresses-list-component[22m[2m | [22m [36m34.75 kB[39m[2m | [22m
[32mchunk-BTDOPXCJ.js[39m  [2m | [22m[2mproducts-list-component[22m      [2m | [22m [36m33.82 kB[39m[2m | [22m
[32mchunk-MHGG4YI4.js[39m  [2m | [22m[2mprofile-component[22m            [2m | [22m [36m32.58 kB[39m[2m | [22m
[32mchunk-Y3RGHOHN.js[39m  [2m | [22m[2mcustomer-layout-component[22m    [2m | [22m [36m29.36 kB[39m[2m | [22m
[32mchunk-FIIW6VZ7.js[39m  [2m | [22m[2mhome-component[22m               [2m | [22m [36m26.55 kB[39m[2m | [22m
[32mchunk-TCVL4GJ5.js[39m  [2m | [22m[2mcomplaints-list-component[22m    [2m | [22m [36m25.62 kB[39m[2m | [22m
[32mchunk-MQE4KXHB.js[39m  [2m | [22m[2mcategories-list-component[22m    [2m | [22m [36m21.81 kB[39m[2m | [22m
[32mchunk-RKCERXHQ.js[39m  [2m | [22m[2mcart-component[22m               [2m | [22m [36m21.62 kB[39m[2m | [22m
[32mchunk-TOLX7JMN.js[39m  [2m | [22m[2m-[22m                            [2m | [22m [36m20.03 kB[39m[2m | [22m
[32mchunk-76G5GFAY.js[39m  [2m | [22m[2m-[22m                            [2m | [22m [36m19.18 kB[39m[2m | [22m
[2m...and 32 more lazy chunks files. Use "--verbose" to show all the files.[22m

Application bundle generation complete. [1.276 seconds] - 2026-06-16T05:55:08.197Z

[33m❯[39m Changes detected. Rebuilding...
[32m✔[39m Changes detected. Rebuilding...
[1mInitial chunk files[22m[2m | [22m[1mNames[22m                        [2m | [22m [1mRaw size[22m
[32mstyles.css[39m         [2m | [22m[2mstyles[22m                       [2m | [22m[36m212.07 kB[39m[2m | [22m
[32mchunk-SAPCXOYI.js[39m  [2m | [22m[2m-[22m                            [2m | [22m  [36m9.78 kB[39m[2m | [22m
[32mmain.js[39m            [2m | [22m[2mmain[22m                         [2m | [22m  [36m9.32 kB[39m[2m | [22m
[32mchunk-KA2HO6I3.js[39m  [2m | [22m[2m-[22m                            [2m | [22m  [36m8.84 kB[39m[2m | [22m
[32mchunk-D2OLMNB3.js[39m  [2m | [22m[2m-[22m                            [2m | [22m  [36m8.46 kB[39m[2m | [22m
[32mchunk-7OAI4INT.js[39m  [2m | [22m[2m-[22m                            [2m | [22m  [36m7.94 kB[39m[2m | [22m
[32mchunk-LUFQSMDN.js[39m  [2m | [22m[2m-[22m                            [2m | [22m  [36m1.49 kB[39m[2m | [22m
[32mchunk-VUJOFXKG.js[39m  [2m | [22m[2m-[22m                            [2m | [22m[36m938 bytes[39m[2m | [22m
[32mchunk-CAJJGEMV.js[39m  [2m | [22m[2m-[22m                            [2m | [22m[36m548 bytes[39m[2m | [22m
[32mchunk-4SRNQ3L4.js[39m  [2m | [22m[2m-[22m                            [2m | [22m[36m299 bytes[39m[2m | [22m

[1m [22m                  [2m | [22m[1mInitial total[22m                [2m | [22m[1m259.68 kB[22m

[1mLazy chunk files[22m   [2m | [22m[1mNames[22m                        [2m | [22m [1mRaw size[22m
[32mchunk-CD7SVO5C.js[39m  [2m | [22m[2mcheckout-component[22m           [2m | [22m [36m55.68 kB[39m[2m | [22m
[32mchunk-7EG6SSON.js[39m  [2m | [22m[2m-[22m                            [2m | [22m [36m55.24 kB[39m[2m | [22m
[32mchunk-FXS44YL6.js[39m  [2m | [22m[2mproduct-list-component[22m       [2m | [22m [36m39.70 kB[39m[2m | [22m
[32mchunk-LRUIYUKG.js[39m  [2m | [22m[2mdashboard-component[22m          [2m | [22m [36m36.59 kB[39m[2m | [22m
[32mchunk-PLXDUIOP.js[39m  [2m | [22m[2madmin-layout-component[22m       [2m | [22m [36m34.85 kB[39m[2m | [22m
[32mchunk-UPZVC452.js[39m  [2m | [22m[2mhome-addresses-list-component[22m[2m | [22m [36m34.75 kB[39m[2m | [22m
[32mchunk-BTDOPXCJ.js[39m  [2m | [22m[2mproducts-list-component[22m      [2m | [22m [36m33.82 kB[39m[2m | [22m
[32mchunk-MHGG4YI4.js[39m  [2m | [22m[2mprofile-component[22m            [2m | [22m [36m32.58 kB[39m[2m | [22m
[32mchunk-Y3RGHOHN.js[39m  [2m | [22m[2mcustomer-layout-component[22m    [2m | [22m [36m29.36 kB[39m[2m | [22m
[32mchunk-FIIW6VZ7.js[39m  [2m | [22m[2mhome-component[22m               [2m | [22m [36m26.55 kB[39m[2m | [22m
[32mchunk-TCVL4GJ5.js[39m  [2m | [22m[2mcomplaints-list-component[22m    [2m | [22m [36m25.62 kB[39m[2m | [22m
[32mchunk-MQE4KXHB.js[39m  [2m | [22m[2mcategories-list-component[22m    [2m | [22m [36m21.81 kB[39m[2m | [22m
[32mchunk-RKCERXHQ.js[39m  [2m | [22m[2mcart-component[22m               [2m | [22m [36m21.62 kB[39m[2m | [22m
[32mchunk-TOLX7JMN.js[39m  [2m | [22m[2m-[22m                            [2m | [22m [36m20.03 kB[39m[2m | [22m
[32mchunk-76G5GFAY.js[39m  [2m | [22m[2m-[22m                            [2m | [22m [36m19.18 kB[39m[2m | [22m
[2m...and 32 more lazy chunks files. Use "--verbose" to show all the files.[22m

Application bundle generation complete. [1.478 seconds] - 2026-06-16T05:55:12.741Z

[33m❯[39m Changes detected. Rebuilding...
[32m✔[39m Changes detected. Rebuilding...
[1mInitial chunk files[22m[2m | [22m[1mNames[22m                        [2m | [22m [1mRaw size[22m
[32mstyles.css[39m         [2m | [22m[2mstyles[22m                       [2m | [22m[36m212.07 kB[39m[2m | [22m
[32mchunk-SAPCXOYI.js[39m  [2m | [22m[2m-[22m                            [2m | [22m  [36m9.78 kB[39m[2m | [22m
[32mmain.js[39m            [2m | [22m[2mmain[22m                         [2m | [22m  [36m9.32 kB[39m[2m | [22m
[32mchunk-KA2HO6I3.js[39m  [2m | [22m[2m-[22m                            [2m | [22m  [36m8.84 kB[39m[2m | [22m
[32mchunk-D2OLMNB3.js[39m  [2m | [22m[2m-[22m                            [2m | [22m  [36m8.46 kB[39m[2m | [22m
[32mchunk-7OAI4INT.js[39m  [2m | [22m[2m-[22m                            [2m | [22m  [36m7.94 kB[39m[2m | [22m
[32mchunk-LUFQSMDN.js[39m  [2m | [22m[2m-[22m                            [2m | [22m  [36m1.49 kB[39m[2m | [22m
[32mchunk-VUJOFXKG.js[39m  [2m | [22m[2m-[22m                            [2m | [22m[36m938 bytes[39m[2m | [22m
[32mchunk-CAJJGEMV.js[39m  [2m | [22m[2m-[22m                            [2m | [22m[36m548 bytes[39m[2m | [22m
[32mchunk-4SRNQ3L4.js[39m  [2m | [22m[2m-[22m                            [2m | [22m[36m299 bytes[39m[2m | [22m

[1m [22m                  [2m | [22m[1mInitial total[22m                [2m | [22m[1m259.68 kB[22m

[1mLazy chunk files[22m   [2m | [22m[1mNames[22m                        [2m | [22m [1mRaw size[22m
[32mchunk-CD7SVO5C.js[39m  [2m | [22m[2mcheckout-component[22m           [2m | [22m [36m55.68 kB[39m[2m | [22m
[32mchunk-7EG6SSON.js[39m  [2m | [22m[2m-[22m                            [2m | [22m [36m55.24 kB[39m[2m | [22m
[32mchunk-FXS44YL6.js[39m  [2m | [22m[2mproduct-list-component[22m       [2m | [22m [36m39.70 kB[39m[2m | [22m
[32mchunk-LRUIYUKG.js[39m  [2m | [22m[2mdashboard-component[22m          [2m | [22m [36m36.59 kB[39m[2m | [22m
[32mchunk-PLXDUIOP.js[39m  [2m | [22m[2madmin-layout-component[22m       [2m | [22m [36m34.85 kB[39m[2m | [22m
[32mchunk-UPZVC452.js[39m  [2m | [22m[2mhome-addresses-list-component[22m[2m | [22m [36m34.75 kB[39m[2m | [22m
[32mchunk-BTDOPXCJ.js[39m  [2m | [22m[2mproducts-list-component[22m      [2m | [22m [36m33.82 kB[39m[2m | [22m
[32mchunk-MHGG4YI4.js[39m  [2m | [22m[2mprofile-component[22m            [2m | [22m [36m32.58 kB[39m[2m | [22m
[32mchunk-Y3RGHOHN.js[39m  [2m | [22m[2mcustomer-layout-component[22m    [2m | [22m [36m29.36 kB[39m[2m | [22m
[32mchunk-FIIW6VZ7.js[39m  [2m | [22m[2mhome-component[22m               [2m | [22m [36m26.55 kB[39m[2m | [22m
[32mchunk-TCVL4GJ5.js[39m  [2m | [22m[2mcomplaints-list-component[22m    [2m | [22m [36m25.62 kB[39m[2m | [22m
[32mchunk-MQE4KXHB.js[39m  [2m | [22m[2mcategories-list-component[22m    [2m | [22m [36m21.81 kB[39m[2m | [22m
[32mchunk-RKCERXHQ.js[39m  [2m | [22m[2mcart-component[22m               [2m | [22m [36m21.62 kB[39m[2m | [22m
[32mchunk-TOLX7JMN.js[39m  [2m | [22m[2m-[22m                            [2m | [22m [36m20.03 kB[39m[2m | [22m
[32mchunk-76G5GFAY.js[39m  [2m | [22m[2m-[22m                            [2m | [22m [36m19.18 kB[39m[2m | [22m
[2m...and 32 more lazy chunks files. Use "--verbose" to show all the files.[22m

Application bundle generation complete. [0.889 seconds] - 2026-06-16T05:55:16.323Z

[33m❯[39m Changes detected. Rebuilding...
[32m✔[39m Changes detected. Rebuilding...
[1mInitial chunk files[22m[2m | [22m[1mNames[22m                  [2m | [22m[1mRaw size[22m
[32mmain.js[39m            [2m | [22m[2mmain[22m                   [2m | [22m [36m9.32 kB[39m[2m | [22m

[1mLazy chunk files[22m   [2m | [22m[1mNames[22m                  [2m | [22m[1mRaw size[22m
[32mchunk-3LB563EH.js[39m  [2m | [22m[2mcheckout-component[22m     [2m | [22m[36m55.68 kB[39m[2m | [22m
[32mchunk-GJYOXENN.js[39m  [2m | [22m[2mdashboard-component[22m    [2m | [22m[36m36.59 kB[39m[2m | [22m
[32mchunk-NHZEOHSI.js[39m  [2m | [22m[2mcomplaint-component[22m    [2m | [22m[36m17.79 kB[39m[2m | [22m
[32mchunk-YCCEUHGJ.js[39m  [2m | [22m[2morders-list-component[22m  [2m | [22m[36m15.80 kB[39m[2m | [22m
[32mchunk-ZBSDWMW6.js[39m  [2m | [22m[2morder-history-component[22m[2m | [22m[36m15.01 kB[39m[2m | [22m
[32mchunk-ZGSOWNIV.js[39m  [2m | [22m[2mreports-component[22m      [2m | [22m[36m11.28 kB[39m[2m | [22m
[32mchunk-V7DYQODA.js[39m  [2m | [22m[2morder-success-component[22m[2m | [22m [36m8.98 kB[39m[2m | [22m
[32mchunk-2V6SGDSB.js[39m  [2m | [22m[2m-[22m                      [2m | [22m [36m8.28 kB[39m[2m | [22m
[32mchunk-JXFRBBDM.js[39m  [2m | [22m[2m-[22m                      [2m | [22m [36m4.48 kB[39m[2m | [22m

Application bundle generation complete. [2.690 seconds] - 2026-06-16T05:55:25.947Z

Page reload sent to client(s).
[33m❯[39m Changes detected. Rebuilding...
[32m✔[39m Changes detected. Rebuilding...
[1mInitial chunk files[22m[2m | [22m[1mNames[22m                  [2m | [22m[1mRaw size[22m
[32mmain.js[39m            [2m | [22m[2mmain[22m                   [2m | [22m [36m9.32 kB[39m[2m | [22m

[1mLazy chunk files[22m   [2m | [22m[1mNames[22m                  [2m | [22m[1mRaw size[22m
[32mchunk-Q36UQGFA.js[39m  [2m | [22m[2mcheckout-component[22m     [2m | [22m[36m55.68 kB[39m[2m | [22m
[32mchunk-N3RDTHOP.js[39m  [2m | [22m[2mcomplaint-component[22m    [2m | [22m[36m17.79 kB[39m[2m | [22m
[32mchunk-GZYY5J57.js[39m  [2m | [22m[2morders-list-component[22m  [2m | [22m[36m15.80 kB[39m[2m | [22m
[32mchunk-4VOH5TOZ.js[39m  [2m | [22m[2morder-history-component[22m[2m | [22m[36m15.01 kB[39m[2m | [22m
[32mchunk-KO557XBG.js[39m  [2m | [22m[2morder-success-component[22m[2m | [22m [36m8.98 kB[39m[2m | [22m
[32mchunk-IZN6TCWI.js[39m  [2m | [22m[2m-[22m                      [2m | [22m [36m4.97 kB[39m[2m | [22m

Application bundle generation complete. [2.756 seconds] - 2026-06-16T05:55:30.538Z

Page reload sent to client(s).
[33m❯[39m Changes detected. Rebuilding...
[32m✔[39m Changes detected. Rebuilding...
[1mInitial chunk files[22m[2m | [22m[1mNames[22m             [2m | [22m[1mRaw size[22m
[32mmain.js[39m            [2m | [22m[2mmain[22m              [2m | [22m [36m9.32 kB[39m[2m | [22m

[1mLazy chunk files[22m   [2m | [22m[1mNames[22m             [2m | [22m[1mRaw size[22m
[32mchunk-DS5X4QR6.js[39m  [2m | [22m[2mcheckout-component[22m[2m | [22m[36m55.79 kB[39m[2m | [22m

Application bundle generation complete. [2.981 seconds] - 2026-06-16T05:55:36.089Z

Page reload sent to client(s).
[33m❯[39m Changes detected. Rebuilding...
[32m✔[39m Changes detected. Rebuilding...
[1mInitial chunk files[22m[2m | [22m[1mNames[22m                  [2m | [22m[1mRaw size[22m
[32mmain.js[39m            [2m | [22m[2mmain[22m                   [2m | [22m [36m9.32 kB[39m[2m | [22m

[1mLazy chunk files[22m   [2m | [22m[1mNames[22m                  [2m | [22m[1mRaw size[22m
[32mchunk-UAJC23SZ.js[39m  [2m | [22m[2morder-success-component[22m[2m | [22m [36m9.43 kB[39m[2m | [22m

Application bundle generation complete. [2.613 seconds] - 2026-06-16T05:55:41.578Z

[1m[33m[33m▲ [43;33m[[43;30mWARNING[43;33m][0m [1mNG8113: SkeletonComponent is not used within the template of OrderSuccessComponent[0m [1m[35m[plugin angular-compiler][0m

    src/app/features/order/order-success/order-success.component.ts:12:72:
[37m      12 │ ...riceComponent, IconComponent, ButtonComponent, [32mSkeletonComponent[37m],
         ╵                                                   [32m~~~~~~~~~~~~~~~~~[0m

[39m[22m
Page reload sent to client(s).
[33m❯[39m Changes detected. Rebuilding...
[32m✔[39m Changes detected. Rebuilding...
Application bundle generation failed. [2.132 seconds] - 2026-06-16T05:55:48.156Z

[1m[33m[33m▲ [43;33m[[43;30mWARNING[43;33m][0m [1mNG8113: All imports are unused[0m [1m[35m[plugin angular-compiler][0m

    src/app/features/order/order-success/order-success.component.ts:12:2:
[37m      12 │   [32mimports[37m: [RouterLink, PriceComponent, IconComponent, ButtonCompo...
         ╵   [32m~~~~~~~[0m

[39m[22m
[1m[31m[31mX [41;31m[[41;97mERROR[41;31m][0m [1mNG5002: Unexpected closing block. The block may have been closed earlier. If you meant to write the `}` character, you should use the "&#125;" HTML entity instead.[0m [1m[35m[plugin angular-compiler][0m

    src/app/features/order/order-success/order-success.component.html:16:6:
[37m      16 │       [32m}[37m
         ╵       [32m^[0m

  Error occurs in the template of component OrderSuccessComponent.

    src/app/features/order/order-success/order-success.component.ts:13:15:
[37m      13 │   templateUrl: [32m'./order-success.component.html'[37m,
         ╵                [32m~~~~~~~~~~~~~~~~~~~~~~~~~~~~~~~~[0m


[31mX [41;31m[[41;97mERROR[41;31m][0m [1mNG5002: Unexpected closing tag "div". It may happen when the tag has already been closed by another tag. For more info see https://www.w3.org/TR/html5/syntax.html#closing-elements-that-have-implied-end-tags[0m [1m[35m[plugin angular-compiler][0m

    src/app/features/order/order-success/order-success.component.html:27:0:
[37m      27 │ [32m</div>[37m
         ╵ [32m~~~~~~[0m

  Error occurs in the template of component OrderSuccessComponent.

    src/app/features/order/order-success/order-success.component.ts:13:15:
[37m      13 │   templateUrl: [32m'./order-success.component.html'[37m,
         ╵                [32m~~~~~~~~~~~~~~~~~~~~~~~~~~~~~~~~[0m

[39m[22m
[33m❯[39m Changes detected. Rebuilding...
[32m✔[39m Changes detected. Rebuilding...
[1mInitial chunk files[22m[2m | [22m[1mNames[22m                        [2m | [22m [1mRaw size[22m
[32mstyles.css[39m         [2m | [22m[2mstyles[22m                       [2m | [22m[36m212.07 kB[39m[2m | [22m
[32mchunk-SAPCXOYI.js[39m  [2m | [22m[2m-[22m                            [2m | [22m  [36m9.78 kB[39m[2m | [22m
[32mmain.js[39m            [2m | [22m[2mmain[22m                         [2m | [22m  [36m9.32 kB[39m[2m | [22m
[32mchunk-KA2HO6I3.js[39m  [2m | [22m[2m-[22m                            [2m | [22m  [36m8.84 kB[39m[2m | [22m
[32mchunk-D2OLMNB3.js[39m  [2m | [22m[2m-[22m                            [2m | [22m  [36m8.46 kB[39m[2m | [22m
[32mchunk-7OAI4INT.js[39m  [2m | [22m[2m-[22m                            [2m | [22m  [36m7.94 kB[39m[2m | [22m
[32mchunk-LUFQSMDN.js[39m  [2m | [22m[2m-[22m                            [2m | [22m  [36m1.49 kB[39m[2m | [22m
[32mchunk-VUJOFXKG.js[39m  [2m | [22m[2m-[22m                            [2m | [22m[36m938 bytes[39m[2m | [22m
[32mchunk-CAJJGEMV.js[39m  [2m | [22m[2m-[22m                            [2m | [22m[36m548 bytes[39m[2m | [22m
[32mchunk-4SRNQ3L4.js[39m  [2m | [22m[2m-[22m                            [2m | [22m[36m299 bytes[39m[2m | [22m

[1m [22m                  [2m | [22m[1mInitial total[22m                [2m | [22m[1m259.68 kB[22m

[1mLazy chunk files[22m   [2m | [22m[1mNames[22m                        [2m | [22m [1mRaw size[22m
[32mchunk-DS5X4QR6.js[39m  [2m | [22m[2mcheckout-component[22m           [2m | [22m [36m55.79 kB[39m[2m | [22m
[32mchunk-7EG6SSON.js[39m  [2m | [22m[2m-[22m                            [2m | [22m [36m55.24 kB[39m[2m | [22m
[32mchunk-FXS44YL6.js[39m  [2m | [22m[2mproduct-list-component[22m       [2m | [22m [36m39.70 kB[39m[2m | [22m
[32mchunk-GJYOXENN.js[39m  [2m | [22m[2mdashboard-component[22m          [2m | [22m [36m36.59 kB[39m[2m | [22m
[32mchunk-PLXDUIOP.js[39m  [2m | [22m[2madmin-layout-component[22m       [2m | [22m [36m34.85 kB[39m[2m | [22m
[32mchunk-UPZVC452.js[39m  [2m | [22m[2mhome-addresses-list-component[22m[2m | [22m [36m34.75 kB[39m[2m | [22m
[32mchunk-BTDOPXCJ.js[39m  [2m | [22m[2mproducts-list-component[22m      [2m | [22m [36m33.82 kB[39m[2m | [22m
[32mchunk-MHGG4YI4.js[39m  [2m | [22m[2mprofile-component[22m            [2m | [22m [36m32.58 kB[39m[2m | [22m
[32mchunk-Y3RGHOHN.js[39m  [2m | [22m[2mcustomer-layout-component[22m    [2m | [22m [36m29.36 kB[39m[2m | [22m
[32mchunk-FIIW6VZ7.js[39m  [2m | [22m[2mhome-component[22m               [2m | [22m [36m26.55 kB[39m[2m | [22m
[32mchunk-TCVL4GJ5.js[39m  [2m | [22m[2mcomplaints-list-component[22m    [2m | [22m [36m25.62 kB[39m[2m | [22m
[32mchunk-MQE4KXHB.js[39m  [2m | [22m[2mcategories-list-component[22m    [2m | [22m [36m21.81 kB[39m[2m | [22m
[32mchunk-RKCERXHQ.js[39m  [2m | [22m[2mcart-component[22m               [2m | [22m [36m21.62 kB[39m[2m | [22m
[32mchunk-TOLX7JMN.js[39m  [2m | [22m[2m-[22m                            [2m | [22m [36m20.03 kB[39m[2m | [22m
[32mchunk-76G5GFAY.js[39m  [2m | [22m[2m-[22m                            [2m | [22m [36m19.18 kB[39m[2m | [22m
[2m...and 32 more lazy chunks files. Use "--verbose" to show all the files.[22m

Application bundle generation complete. [1.708 seconds] - 2026-06-16T05:55:54.929Z

Page reload sent to client(s).
[33m❯[39m Changes detected. Rebuilding...
[32m✔[39m Changes detected. Rebuilding...
[1mInitial chunk files[22m[2m | [22m[1mNames[22m                        [2m | [22m [1mRaw size[22m
[32mstyles.css[39m         [2m | [22m[2mstyles[22m                       [2m | [22m[36m212.07 kB[39m[2m | [22m
[32mchunk-SAPCXOYI.js[39m  [2m | [22m[2m-[22m                            [2m | [22m  [36m9.78 kB[39m[2m | [22m
[32mmain.js[39m            [2m | [22m[2mmain[22m                         [2m | [22m  [36m9.32 kB[39m[2m | [22m
[32mchunk-KA2HO6I3.js[39m  [2m | [22m[2m-[22m                            [2m | [22m  [36m8.84 kB[39m[2m | [22m
[32mchunk-D2OLMNB3.js[39m  [2m | [22m[2m-[22m                            [2m | [22m  [36m8.46 kB[39m[2m | [22m
[32mchunk-7OAI4INT.js[39m  [2m | [22m[2m-[22m                            [2m | [22m  [36m7.94 kB[39m[2m | [22m
[32mchunk-LUFQSMDN.js[39m  [2m | [22m[2m-[22m                            [2m | [22m  [36m1.49 kB[39m[2m | [22m
[32mchunk-VUJOFXKG.js[39m  [2m | [22m[2m-[22m                            [2m | [22m[36m938 bytes[39m[2m | [22m
[32mchunk-CAJJGEMV.js[39m  [2m | [22m[2m-[22m                            [2m | [22m[36m548 bytes[39m[2m | [22m
[32mchunk-4SRNQ3L4.js[39m  [2m | [22m[2m-[22m                            [2m | [22m[36m299 bytes[39m[2m | [22m

[1m [22m                  [2m | [22m[1mInitial total[22m                [2m | [22m[1m259.68 kB[22m

[1mLazy chunk files[22m   [2m | [22m[1mNames[22m                        [2m | [22m [1mRaw size[22m
[32mchunk-DS5X4QR6.js[39m  [2m | [22m[2mcheckout-component[22m           [2m | [22m [36m55.79 kB[39m[2m | [22m
[32mchunk-7EG6SSON.js[39m  [2m | [22m[2m-[22m                            [2m | [22m [36m55.24 kB[39m[2m | [22m
[32mchunk-FXS44YL6.js[39m  [2m | [22m[2mproduct-list-component[22m       [2m | [22m [36m39.70 kB[39m[2m | [22m
[32mchunk-GJYOXENN.js[39m  [2m | [22m[2mdashboard-component[22m          [2m | [22m [36m36.59 kB[39m[2m | [22m
[32mchunk-PLXDUIOP.js[39m  [2m | [22m[2madmin-layout-component[22m       [2m | [22m [36m34.85 kB[39m[2m | [22m
[32mchunk-UPZVC452.js[39m  [2m | [22m[2mhome-addresses-list-component[22m[2m | [22m [36m34.75 kB[39m[2m | [22m
[32mchunk-BTDOPXCJ.js[39m  [2m | [22m[2mproducts-list-component[22m      [2m | [22m [36m33.82 kB[39m[2m | [22m
[32mchunk-MHGG4YI4.js[39m  [2m | [22m[2mprofile-component[22m            [2m | [22m [36m32.58 kB[39m[2m | [22m
[32mchunk-Y3RGHOHN.js[39m  [2m | [22m[2mcustomer-layout-component[22m    [2m | [22m [36m29.36 kB[39m[2m | [22m
[32mchunk-FIIW6VZ7.js[39m  [2m | [22m[2mhome-component[22m               [2m | [22m [36m26.55 kB[39m[2m | [22m
[32mchunk-TCVL4GJ5.js[39m  [2m | [22m[2mcomplaints-list-component[22m    [2m | [22m [36m25.62 kB[39m[2m | [22m
[32mchunk-MQE4KXHB.js[39m  [2m | [22m[2mcategories-list-component[22m    [2m | [22m [36m21.81 kB[39m[2m | [22m
[32mchunk-RKCERXHQ.js[39m  [2m | [22m[2mcart-component[22m               [2m | [22m [36m21.62 kB[39m[2m | [22m
[32mchunk-TOLX7JMN.js[39m  [2m | [22m[2m-[22m                            [2m | [22m [36m20.03 kB[39m[2m | [22m
[32mchunk-76G5GFAY.js[39m  [2m | [22m[2m-[22m                            [2m | [22m [36m19.18 kB[39m[2m | [22m
[2m...and 32 more lazy chunks files. Use "--verbose" to show all the files.[22m

Application bundle generation complete. [6.832 seconds] - 2026-06-16T06:03:20.912Z

[33m❯[39m Changes detected. Rebuilding...
[32m✔[39m Changes detected. Rebuilding...
[1mInitial chunk files[22m[2m | [22m[1mNames[22m                        [2m | [22m [1mRaw size[22m
[32mstyles.css[39m         [2m | [22m[2mstyles[22m                       [2m | [22m[36m212.07 kB[39m[2m | [22m
[32mchunk-SAPCXOYI.js[39m  [2m | [22m[2m-[22m                            [2m | [22m  [36m9.78 kB[39m[2m | [22m
[32mmain.js[39m            [2m | [22m[2mmain[22m                         [2m | [22m  [36m9.32 kB[39m[2m | [22m
[32mchunk-KA2HO6I3.js[39m  [2m | [22m[2m-[22m                            [2m | [22m  [36m8.84 kB[39m[2m | [22m
[32mchunk-D2OLMNB3.js[39m  [2m | [22m[2m-[22m                            [2m | [22m  [36m8.46 kB[39m[2m | [22m
[32mchunk-7OAI4INT.js[39m  [2m | [22m[2m-[22m                            [2m | [22m  [36m7.94 kB[39m[2m | [22m
[32mchunk-LUFQSMDN.js[39m  [2m | [22m[2m-[22m                            [2m | [22m  [36m1.49 kB[39m[2m | [22m
[32mchunk-VUJOFXKG.js[39m  [2m | [22m[2m-[22m                            [2m | [22m[36m938 bytes[39m[2m | [22m
[32mchunk-CAJJGEMV.js[39m  [2m | [22m[2m-[22m                            [2m | [22m[36m548 bytes[39m[2m | [22m
[32mchunk-4SRNQ3L4.js[39m  [2m | [22m[2m-[22m                            [2m | [22m[36m299 bytes[39m[2m | [22m

[1m [22m                  [2m | [22m[1mInitial total[22m                [2m | [22m[1m259.68 kB[22m

[1mLazy chunk files[22m   [2m | [22m[1mNames[22m                        [2m | [22m [1mRaw size[22m
[32mchunk-DS5X4QR6.js[39m  [2m | [22m[2mcheckout-component[22m           [2m | [22m [36m55.79 kB[39m[2m | [22m
[32mchunk-7EG6SSON.js[39m  [2m | [22m[2m-[22m                            [2m | [22m [36m55.24 kB[39m[2m | [22m
[32mchunk-FXS44YL6.js[39m  [2m | [22m[2mproduct-list-component[22m       [2m | [22m [36m39.70 kB[39m[2m | [22m
[32mchunk-GJYOXENN.js[39m  [2m | [22m[2mdashboard-component[22m          [2m | [22m [36m36.59 kB[39m[2m | [22m
[32mchunk-PLXDUIOP.js[39m  [2m | [22m[2madmin-layout-component[22m       [2m | [22m [36m34.85 kB[39m[2m | [22m
[32mchunk-UPZVC452.js[39m  [2m | [22m[2mhome-addresses-list-component[22m[2m | [22m [36m34.75 kB[39m[2m | [22m
[32mchunk-BTDOPXCJ.js[39m  [2m | [22m[2mproducts-list-component[22m      [2m | [22m [36m33.82 kB[39m[2m | [22m
[32mchunk-MHGG4YI4.js[39m  [2m | [22m[2mprofile-component[22m            [2m | [22m [36m32.58 kB[39m[2m | [22m
[32mchunk-Y3RGHOHN.js[39m  [2m | [22m[2mcustomer-layout-component[22m    [2m | [22m [36m29.36 kB[39m[2m | [22m
[32mchunk-FIIW6VZ7.js[39m  [2m | [22m[2mhome-component[22m               [2m | [22m [36m26.55 kB[39m[2m | [22m
[32mchunk-TCVL4GJ5.js[39m  [2m | [22m[2mcomplaints-list-component[22m    [2m | [22m [36m25.62 kB[39m[2m | [22m
[32mchunk-MQE4KXHB.js[39m  [2m | [22m[2mcategories-list-component[22m    [2m | [22m [36m21.81 kB[39m[2m | [22m
[32mchunk-RKCERXHQ.js[39m  [2m | [22m[2mcart-component[22m               [2m | [22m [36m21.62 kB[39m[2m | [22m
[32mchunk-TOLX7JMN.js[39m  [2m | [22m[2m-[22m                            [2m | [22m [36m20.03 kB[39m[2m | [22m
[32mchunk-76G5GFAY.js[39m  [2m | [22m[2m-[22m                            [2m | [22m [36m19.18 kB[39m[2m | [22m
[2m...and 32 more lazy chunks files. Use "--verbose" to show all the files.[22m

Application bundle generation complete. [3.916 seconds] - 2026-06-16T06:03:24.833Z

[33m❯[39m Changes detected. Rebuilding...
[32m✔[39m Changes detected. Rebuilding...
[1mInitial chunk files[22m[2m | [22m[1mNames[22m                        [2m | [22m [1mRaw size[22m
[32mstyles.css[39m         [2m | [22m[2mstyles[22m                       [2m | [22m[36m212.07 kB[39m[2m | [22m
[32mchunk-SAPCXOYI.js[39m  [2m | [22m[2m-[22m                            [2m | [22m  [36m9.78 kB[39m[2m | [22m
[32mmain.js[39m            [2m | [22m[2mmain[22m                         [2m | [22m  [36m9.32 kB[39m[2m | [22m
[32mchunk-KA2HO6I3.js[39m  [2m | [22m[2m-[22m                            [2m | [22m  [36m8.84 kB[39m[2m | [22m
[32mchunk-D2OLMNB3.js[39m  [2m | [22m[2m-[22m                            [2m | [22m  [36m8.46 kB[39m[2m | [22m
[32mchunk-7OAI4INT.js[39m  [2m | [22m[2m-[22m                            [2m | [22m  [36m7.94 kB[39m[2m | [22m
[32mchunk-LUFQSMDN.js[39m  [2m | [22m[2m-[22m                            [2m | [22m  [36m1.49 kB[39m[2m | [22m
[32mchunk-VUJOFXKG.js[39m  [2m | [22m[2m-[22m                            [2m | [22m[36m938 bytes[39m[2m | [22m
[32mchunk-CAJJGEMV.js[39m  [2m | [22m[2m-[22m                            [2m | [22m[36m548 bytes[39m[2m | [22m
[32mchunk-4SRNQ3L4.js[39m  [2m | [22m[2m-[22m                            [2m | [22m[36m299 bytes[39m[2m | [22m

[1m [22m                  [2m | [22m[1mInitial total[22m                [2m | [22m[1m259.68 kB[22m

[1mLazy chunk files[22m   [2m | [22m[1mNames[22m                        [2m | [22m [1mRaw size[22m
[32mchunk-DS5X4QR6.js[39m  [2m | [22m[2mcheckout-component[22m           [2m | [22m [36m55.79 kB[39m[2m | [22m
[32mchunk-7EG6SSON.js[39m  [2m | [22m[2m-[22m                            [2m | [22m [36m55.24 kB[39m[2m | [22m
[32mchunk-FXS44YL6.js[39m  [2m | [22m[2mproduct-list-component[22m       [2m | [22m [36m39.70 kB[39m[2m | [22m
[32mchunk-GJYOXENN.js[39m  [2m | [22m[2mdashboard-component[22m          [2m | [22m [36m36.59 kB[39m[2m | [22m
[32mchunk-PLXDUIOP.js[39m  [2m | [22m[2madmin-layout-component[22m       [2m | [22m [36m34.85 kB[39m[2m | [22m
[32mchunk-UPZVC452.js[39m  [2m | [22m[2mhome-addresses-list-component[22m[2m | [22m [36m34.75 kB[39m[2m | [22m
[32mchunk-BTDOPXCJ.js[39m  [2m | [22m[2mproducts-list-component[22m      [2m | [22m [36m33.82 kB[39m[2m | [22m
[32mchunk-MHGG4YI4.js[39m  [2m | [22m[2mprofile-component[22m            [2m | [22m [36m32.58 kB[39m[2m | [22m
[32mchunk-Y3RGHOHN.js[39m  [2m | [22m[2mcustomer-layout-component[22m    [2m | [22m [36m29.36 kB[39m[2m | [22m
[32mchunk-FIIW6VZ7.js[39m  [2m | [22m[2mhome-component[22m               [2m | [22m [36m26.55 kB[39m[2m | [22m
[32mchunk-TCVL4GJ5.js[39m  [2m | [22m[2mcomplaints-list-component[22m    [2m | [22m [36m25.62 kB[39m[2m | [22m
[32mchunk-MQE4KXHB.js[39m  [2m | [22m[2mcategories-list-component[22m    [2m | [22m [36m21.81 kB[39m[2m | [22m
[32mchunk-RKCERXHQ.js[39m  [2m | [22m[2mcart-component[22m               [2m | [22m [36m21.62 kB[39m[2m | [22m
[32mchunk-TOLX7JMN.js[39m  [2m | [22m[2m-[22m                            [2m | [22m [36m20.03 kB[39m[2m | [22m
[32mchunk-76G5GFAY.js[39m  [2m | [22m[2m-[22m                            [2m | [22m [36m19.18 kB[39m[2m | [22m
[2m...and 32 more lazy chunks files. Use "--verbose" to show all the files.[22m

Application bundle generation complete. [4.298 seconds] - 2026-06-16T06:03:31.502Z

[33m❯[39m Changes detected. Rebuilding...
[32m✔[39m Changes detected. Rebuilding...
[1mInitial chunk files[22m[2m | [22m[1mNames[22m             [2m | [22m[1mRaw size[22m
[32mmain.js[39m            [2m | [22m[2mmain[22m              [2m | [22m [36m9.32 kB[39m[2m | [22m

[1mLazy chunk files[22m   [2m | [22m[1mNames[22m             [2m | [22m[1mRaw size[22m
[32mchunk-MBLFBVB2.js[39m  [2m | [22m[2mcheckout-component[22m[2m | [22m[36m55.79 kB[39m[2m | [22m

Application bundle generation complete. [4.985 seconds] - 2026-06-16T06:04:45.346Z

Page reload sent to client(s).
[33m❯[39m Changes detected. Rebuilding...
[32m✔[39m Changes detected. Rebuilding...
[1mInitial chunk files[22m[2m | [22m[1mNames[22m             [2m | [22m[1mRaw size[22m
[32mmain.js[39m            [2m | [22m[2mmain[22m              [2m | [22m [36m9.32 kB[39m[2m | [22m

[1mLazy chunk files[22m   [2m | [22m[1mNames[22m             [2m | [22m[1mRaw size[22m
[32mchunk-RXJHIBSB.js[39m  [2m | [22m[2mcheckout-component[22m[2m | [22m[36m57.28 kB[39m[2m | [22m

Application bundle generation complete. [4.519 seconds] - 2026-06-16T06:04:54.185Z

Component update sent to client(s).
[33m❯[39m Changes detected. Rebuilding...
[32m✔[39m Changes detected. Rebuilding...
[1mInitial chunk files[22m[2m | [22m[1mNames[22m             [2m | [22m[1mRaw size[22m
[32mmain.js[39m            [2m | [22m[2mmain[22m              [2m | [22m [36m9.32 kB[39m[2m | [22m

[1mLazy chunk files[22m   [2m | [22m[1mNames[22m             [2m | [22m[1mRaw size[22m
[32mchunk-DEXMHX3S.js[39m  [2m | [22m[2mcheckout-component[22m[2m | [22m[36m57.63 kB[39m[2m | [22m

Application bundle generation complete. [9.978 seconds] - 2026-06-16T06:07:40.328Z

Page reload sent to client(s).
